date,pm10,pm2_5,carbon_monoxide,nitrogen_dioxide,sulphur_dioxide,ozone,dust,latitude,longitude
2024-08-21 00:00:00,63.6,40.4,497.0,16.0,11.7,63.0,19.0,31.49695835,74.22120699
2024-08-21 01:00:00,59.0,37.0,487.0,17.0,11.3,67.0,19.0,31.49695835,74.22120699
2024-08-21 02:00:00,55.9,33.9,472.0,18.2,10.8,72.0,20.0,31.49695835,74.22120699
2024-08-21 03:00:00,52.3,31.7,451.0,18.2,10.7,83.0,22.0,31.49695835,74.22120699
2024-08-21 04:00:00,47.1,26.1,418.0,15.9,11.4,102.0,28.0,31.49695835,74.22120699
2024-08-21 05:00:00,46.6,24.3,380.0,12.3,12.6,125.0,35.0,31.49695835,74.22120699
2024-08-21 06:00:00,51.3,26.5,349.0,9.3,13.5,147.0,40.0,31.49695835,74.22120699
2024-08-21 07:00:00,54.0,28.3,331.0,7.3,14.0,166.0,40.0,31.49695835,74.22120699
2024-08-21 08:00:00,57.4,30.6,322.0,5.9,14.2,182.0,37.0,31.49695835,74.22120699
2024-08-21 09:00:00,56.1,30.9,320.0,5.6,14.5,192.0,34.0,31.49695835,74.22120699
2024-08-21 10:00:00,55.6,31.1,317.0,5.9,15.0,196.0,33.0,31.49695835,74.22120699
2024-08-21 11:00:00,54.7,30.9,321.0,7.3,15.6,193.0,31.0,31.49695835,74.22120699
2024-08-21 12:00:00,43.0,24.7,363.0,11.4,13.8,179.0,22.0,31.49695835,74.22120699
2024-08-21 13:00:00,52.5,32.5,508.0,25.2,14.5,147.0,20.0,31.49695835,74.22120699
2024-08-21 14:00:00,61.5,39.5,712.0,44.2,15.5,102.0,16.0,31.49695835,74.22120699
2024-08-21 15:00:00,64.5,41.9,892.0,58.9,16.3,66.0,14.0,31.49695835,74.22120699
2024-08-21 16:00:00,68.7,44.6,1021.0,65.0,16.7,47.0,14.0,31.49695835,74.22120699
2024-08-21 17:00:00,72.9,47.3,1125.0,66.8,17.0,37.0,16.0,31.49695835,74.22120699
2024-08-21 18:00:00,78.5,50.8,1206.0,67.3,17.0,30.0,17.0,31.49695835,74.22120699
2024-08-21 19:00:00,82.9,53.6,1275.0,67.7,16.8,24.0,18.0,31.49695835,74.22120699
2024-08-21 20:00:00,86.6,56.0,1321.0,66.8,16.4,20.0,19.0,31.49695835,74.22120699
2024-08-21 21:00:00,84.8,54.6,1306.0,64.2,15.8,17.0,19.0,31.49695835,74.22120699
2024-08-21 22:00:00,74.0,47.7,1191.0,59.4,14.8,13.0,18.0,31.49695835,74.22120699
2024-08-21 23:00:00,67.8,43.8,1016.0,52.9,13.6,11.0,17.0,31.49695835,74.22120699
2024-08-22 00:00:00,61.0,36.2,538.0,22.6,12.7,52.0,27.0,31.49695835,74.22120699
2024-08-22 01:00:00,57.2,32.4,525.0,22.1,13.2,59.0,30.0,31.49695835,74.22120699
2024-08-22 02:00:00,55.2,30.0,505.0,21.3,14.0,69.0,33.0,31.49695835,74.22120699
2024-08-22 03:00:00,56.5,31.2,479.0,19.5,15.4,87.0,35.0,31.49695835,74.22120699
2024-08-22 04:00:00,54.1,29.2,441.0,15.6,18.2,120.0,34.0,31.49695835,74.22120699
2024-08-22 05:00:00,52.9,28.5,396.0,10.7,21.6,160.0,32.0,31.49695835,74.22120699
2024-08-22 06:00:00,53.9,29.8,362.0,7.0,23.7,191.0,31.0,31.49695835,74.22120699
2024-08-22 07:00:00,53.1,29.7,345.0,5.5,23.2,203.0,31.0,31.49695835,74.22120699
2024-08-22 08:00:00,55.5,30.6,338.0,5.3,21.4,206.0,33.0,31.49695835,74.22120699
2024-08-22 09:00:00,58.7,32.1,340.0,5.9,20.0,205.0,35.0,31.49695835,74.22120699
2024-08-22 10:00:00,61.2,33.3,322.0,5.0,19.9,207.0,39.0,31.49695835,74.22120699
2024-08-22 11:00:00,64.0,34.0,313.0,5.0,20.2,206.0,44.0,31.49695835,74.22120699
2024-08-22 12:00:00,78.7,35.7,350.0,11.5,17.1,160.0,78.0,31.49695835,74.22120699
2024-08-22 13:00:00,80.3,39.2,658.0,35.8,17.3,121.0,75.0,31.49695835,74.22120699
2024-08-22 14:00:00,103.1,55.4,1069.0,68.3,17.4,68.0,71.0,31.49695835,74.22120699
2024-08-22 15:00:00,109.9,60.1,1289.0,85.8,16.9,33.0,66.0,31.49695835,74.22120699
2024-08-22 16:00:00,108.3,59.4,1122.0,73.4,15.1,36.0,58.0,31.49695835,74.22120699
2024-08-22 17:00:00,83.1,45.4,763.0,46.0,12.6,57.0,49.0,31.49695835,74.22120699
2024-08-22 18:00:00,61.7,33.9,497.0,25.4,10.8,71.0,41.0,31.49695835,74.22120699
2024-08-22 19:00:00,59.8,33.3,459.0,21.7,10.2,64.0,35.0,31.49695835,74.22120699
2024-08-22 20:00:00,58.3,33.9,514.0,24.8,10.3,49.0,30.0,31.49695835,74.22120699
2024-08-22 21:00:00,56.7,34.3,546.0,26.3,10.5,40.0,27.0,31.49695835,74.22120699
2024-08-22 22:00:00,61.2,35.3,498.0,21.9,10.6,45.0,26.0,31.49695835,74.22120699
2024-08-22 23:00:00,59.0,33.9,426.0,15.7,10.7,55.0,27.0,31.49695835,74.22120699
2024-08-23 00:00:00,61.9,34.3,509.0,22.1,9.6,33.0,38.0,31.49695835,74.22120699
2024-08-23 01:00:00,61.7,34.6,528.0,23.2,10.6,40.0,39.0,31.49695835,74.22120699
2024-08-23 02:00:00,65.0,34.9,552.0,24.4,12.1,51.0,42.0,31.49695835,74.22120699
2024-08-23 03:00:00,66.6,35.5,555.0,23.8,13.6,71.0,45.0,31.49695835,74.22120699
2024-08-23 04:00:00,68.7,35.4,518.0,19.5,15.3,107.0,51.0,31.49695835,74.22120699
2024-08-23 05:00:00,71.2,35.6,460.0,13.4,17.1,153.0,59.0,31.49695835,74.22120699
2024-08-23 06:00:00,76.8,37.0,414.0,8.6,18.1,189.0,64.0,31.49695835,74.22120699
2024-08-23 07:00:00,75.9,37.4,392.0,6.2,17.7,208.0,65.0,31.49695835,74.22120699
2024-08-23 08:00:00,80.1,39.6,382.0,5.1,16.6,217.0,64.0,31.49695835,74.22120699
2024-08-23 09:00:00,84.8,42.7,384.0,5.2,16.0,224.0,62.0,31.49695835,74.22120699
2024-08-23 10:00:00,83.4,42.3,366.0,3.8,16.5,234.0,60.0,31.49695835,74.22120699
2024-08-23 11:00:00,84.5,43.3,360.0,3.6,17.5,242.0,58.0,31.49695835,74.22120699
2024-08-23 12:00:00,111.5,56.2,441.0,13.6,16.3,202.0,81.0,31.49695835,74.22120699
2024-08-23 13:00:00,115.9,61.7,863.0,48.4,18.2,156.0,80.0,31.49695835,74.22120699
2024-08-23 14:00:00,146.7,82.9,1442.0,95.8,20.8,91.0,78.0,31.49695835,74.22120699
2024-08-23 15:00:00,164.8,95.0,1845.0,127.0,22.1,42.0,74.0,31.49695835,74.22120699
2024-08-23 16:00:00,170.9,99.4,1931.0,128.2,21.0,21.0,67.0,31.49695835,74.22120699
2024-08-23 17:00:00,163.9,96.9,1842.0,113.2,18.7,15.0,57.0,31.49695835,74.22120699
2024-08-23 18:00:00,143.9,87.1,1671.0,94.8,16.3,16.0,48.0,31.49695835,74.22120699
2024-08-23 19:00:00,122.9,75.4,1398.0,74.5,14.1,23.0,40.0,31.49695835,74.22120699
2024-08-23 20:00:00,105.0,65.0,1043.0,50.9,11.8,36.0,33.0,31.49695835,74.22120699
2024-08-23 21:00:00,92.0,56.6,758.0,32.4,10.0,47.0,28.0,31.49695835,74.22120699
2024-08-23 22:00:00,84.1,51.7,608.0,22.8,9.0,52.0,26.0,31.49695835,74.22120699
2024-08-23 23:00:00,78.5,47.3,530.0,18.4,8.6,55.0,25.0,31.49695835,74.22120699
2024-08-24 00:00:00,59.8,35.9,375.0,9.3,7.7,81.0,28.0,31.49695835,74.22120699
2024-08-24 01:00:00,59.5,35.6,418.0,12.7,8.4,77.0,29.0,31.49695835,74.22120699
2024-08-24 02:00:00,61.0,37.1,475.0,17.2,9.5,72.0,30.0,31.49695835,74.22120699
2024-08-24 03:00:00,70.3,41.3,507.0,19.3,10.7,80.0,32.0,31.49695835,74.22120699
2024-08-24 04:00:00,74.5,42.8,488.0,16.7,12.2,110.0,33.0,31.49695835,74.22120699
2024-08-24 05:00:00,73.8,41.9,444.0,11.8,13.9,153.0,35.0,31.49695835,74.22120699
2024-08-24 06:00:00,71.9,39.7,407.0,7.9,15.0,186.0,38.0,31.49695835,74.22120699
2024-08-24 07:00:00,79.9,42.5,387.0,6.2,15.1,202.0,45.0,31.49695835,74.22120699
2024-08-24 08:00:00,83.8,43.8,374.0,5.5,14.6,209.0,55.0,31.49695835,74.22120699
2024-08-24 09:00:00,90.8,46.4,373.0,5.8,14.5,213.0,62.0,31.49695835,74.22120699
2024-08-24 10:00:00,90.8,46.6,347.0,3.8,14.9,222.0,65.0,31.49695835,74.22120699
2024-08-24 11:00:00,95.5,48.2,334.0,2.8,15.7,229.0,67.0,31.49695835,74.22120699
2024-08-24 12:00:00,85.4,45.8,449.0,13.3,18.9,233.0,47.0,31.49695835,74.22120699
2024-08-24 13:00:00,91.3,49.0,780.0,43.6,21.2,189.0,48.0,31.49695835,74.22120699
2024-08-24 14:00:00,124.8,72.6,1237.0,85.2,24.3,128.0,49.0,31.49695835,74.22120699
2024-08-24 15:00:00,147.1,88.2,1589.0,114.3,26.1,78.0,48.0,31.49695835,74.22120699
2024-08-24 16:00:00,161.6,98.5,1752.0,120.5,25.4,51.0,45.0,31.49695835,74.22120699
2024-08-24 17:00:00,161.6,99.9,1808.0,114.3,23.4,35.0,40.0,31.49695835,74.22120699
2024-08-24 18:00:00,149.5,93.1,1777.0,102.9,21.1,26.0,35.0,31.49695835,74.22120699
2024-08-24 19:00:00,136.9,85.4,1626.0,85.7,18.6,25.0,31.0,31.49695835,74.22120699
2024-08-24 20:00:00,126.2,78.7,1387.0,63.3,15.8,30.0,28.0,31.49695835,74.22120699
2024-08-24 21:00:00,119.0,73.8,1171.0,45.0,13.6,36.0,26.0,31.49695835,74.22120699
2024-08-24 22:00:00,112.2,69.4,1009.0,34.4,12.2,39.0,26.0,31.49695835,74.22120699
2024-08-24 23:00:00,105.0,64.7,869.0,27.8,11.4,42.0,27.0,31.49695835,74.22120699
2024-08-25 00:00:00,86.6,52.3,610.0,17.9,10.3,55.0,24.0,31.49695835,74.22120699
2024-08-25 01:00:00,82.7,49.4,613.0,19.2,10.4,62.0,25.0,31.49695835,74.22120699
2024-08-25 02:00:00,80.6,49.1,615.0,20.8,10.6,72.0,27.0,31.49695835,74.22120699
2024-08-25 03:00:00,82.0,49.0,598.0,20.5,10.9,90.0,28.0,31.49695835,74.22120699
2024-08-25 04:00:00,82.2,48.3,542.0,16.4,11.4,120.0,28.0,31.49695835,74.22120699
2024-08-25 05:00:00,74.7,43.1,467.0,10.4,12.0,157.0,28.0,31.49695835,74.22120699
2024-08-25 06:00:00,73.3,42.3,412.0,6.0,12.4,187.0,28.0,31.49695835,74.22120699
2024-08-25 07:00:00,72.4,41.9,394.0,4.6,12.6,204.0,28.0,31.49695835,74.22120699
2024-08-25 08:00:00,72.2,41.8,396.0,4.7,12.6,214.0,28.0,31.49695835,74.22120699
2024-08-25 09:00:00,73.3,42.0,404.0,5.6,12.7,219.0,29.0,31.49695835,74.22120699
2024-08-25 10:00:00,75.9,43.0,383.0,4.4,12.9,223.0,30.0,31.49695835,74.22120699
2024-08-25 11:00:00,75.9,42.8,369.0,3.9,13.2,222.0,32.0,31.49695835,74.22120699
2024-08-25 12:00:00,82.7,46.4,415.0,11.7,11.8,194.0,37.0,31.49695835,74.22120699
2024-08-25 13:00:00,83.8,48.2,630.0,31.9,12.0,153.0,33.0,31.49695835,74.22120699
2024-08-25 14:00:00,101.3,61.9,929.0,59.5,12.3,96.0,28.0,31.49695835,74.22120699
2024-08-25 15:00:00,104.8,65.7,1178.0,78.7,12.5,51.0,23.0,31.49695835,74.22120699
2024-08-25 16:00:00,107.1,68.0,1338.0,81.8,12.7,32.0,21.0,31.49695835,74.22120699
2024-08-25 17:00:00,111.1,71.0,1448.0,76.5,12.8,26.0,19.0,31.49695835,74.22120699
2024-08-25 18:00:00,109.4,70.8,1488.0,70.3,12.6,22.0,18.0,31.49695835,74.22120699
2024-08-25 19:00:00,100.1,65.7,1419.0,65.1,11.8,19.0,16.0,31.49695835,74.22120699
2024-08-25 20:00:00,93.1,61.2,1280.0,59.1,10.8,18.0,14.0,31.49695835,74.22120699
2024-08-25 21:00:00,90.8,59.8,1169.0,54.3,10.0,17.0,12.0,31.49695835,74.22120699
2024-08-25 22:00:00,89.6,59.0,1139.0,52.4,9.7,11.0,12.0,31.49695835,74.22120699
2024-08-25 23:00:00,89.4,58.8,1136.0,51.8,9.8,5.0,12.0,31.49695835,74.22120699
2024-08-26 00:00:00,70.1,46.9,718.0,30.9,9.6,26.0,7.0,31.49695835,74.22120699
2024-08-26 01:00:00,73.3,49.1,712.0,30.3,10.7,43.0,7.0,31.49695835,74.22120699
2024-08-26 02:00:00,77.5,52.0,701.0,29.2,12.1,68.0,8.0,31.49695835,74.22120699
2024-08-26 03:00:00,73.8,49.0,664.0,26.4,13.3,96.0,9.0,31.49695835,74.22120699
2024-08-26 04:00:00,68.0,44.1,576.0,20.1,13.8,130.0,10.0,31.49695835,74.22120699
2024-08-26 05:00:00,61.9,39.7,463.0,12.1,13.9,167.0,11.0,31.49695835,74.22120699
2024-08-26 06:00:00,60.8,38.8,382.0,6.3,14.2,197.0,12.0,31.49695835,74.22120699
2024-08-26 07:00:00,62.9,39.9,361.0,4.5,14.6,215.0,13.0,31.49695835,74.22120699
2024-08-26 08:00:00,65.7,41.4,373.0,4.8,15.2,226.0,14.0,31.49695835,74.22120699
2024-08-26 09:00:00,66.1,41.4,391.0,6.0,16.0,233.0,15.0,31.49695835,74.22120699
2024-08-26 10:00:00,67.3,42.1,365.0,4.1,17.1,241.0,15.0,31.49695835,74.22120699
2024-08-26 11:00:00,69.4,43.4,345.0,2.9,18.4,245.0,15.0,31.49695835,74.22120699
2024-08-26 12:00:00,61.2,38.3,400.0,12.1,14.6,198.0,15.0,31.49695835,74.22120699
2024-08-26 13:00:00,73.8,47.3,750.0,41.0,15.4,155.0,14.0,31.49695835,74.22120699
2024-08-26 14:00:00,97.3,63.8,1223.0,79.8,16.4,95.0,13.0,31.49695835,74.22120699
2024-08-26 15:00:00,107.1,71.0,1498.0,102.0,16.6,52.0,12.0,31.49695835,74.22120699
2024-08-26 16:00:00,101.0,67.3,1391.0,91.6,15.3,42.0,10.0,31.49695835,74.22120699
2024-08-26 17:00:00,85.0,57.0,1088.0,64.5,13.2,48.0,7.0,31.49695835,74.22120699
2024-08-26 18:00:00,68.2,45.9,824.0,41.5,11.3,54.0,5.0,31.49695835,74.22120699
2024-08-26 19:00:00,59.8,40.2,683.0,30.4,10.0,53.0,5.0,31.49695835,74.22120699
2024-08-26 20:00:00,53.8,36.0,581.0,23.4,8.9,52.0,5.0,31.49695835,74.22120699
2024-08-26 21:00:00,47.7,31.8,506.0,18.3,8.3,52.0,5.0,31.49695835,74.22120699
2024-08-26 22:00:00,43.9,29.2,452.0,14.5,8.2,52.0,5.0,31.49695835,74.22120699
2024-08-26 23:00:00,42.4,28.2,424.0,12.6,8.4,52.0,4.0,31.49695835,74.22120699
2024-08-27 00:00:00,33.3,21.9,349.0,9.9,9.5,67.0,5.0,31.49695835,74.22120699
2024-08-27 01:00:00,36.2,24.1,419.0,13.2,10.4,64.0,4.0,31.49695835,74.22120699
2024-08-27 02:00:00,42.1,28.6,513.0,17.7,11.7,61.0,4.0,31.49695835,74.22120699
2024-08-27 03:00:00,48.5,33.4,564.0,19.5,12.7,68.0,3.0,31.49695835,74.22120699
2024-08-27 04:00:00,50.2,34.7,531.0,16.3,13.2,94.0,2.0,31.49695835,74.22120699
2024-08-27 05:00:00,48.8,33.9,455.0,10.5,13.5,129.0,2.0,31.49695835,74.22120699
2024-08-27 06:00:00,46.4,32.2,390.0,6.0,13.2,155.0,1.0,31.49695835,74.22120699
2024-08-27 07:00:00,44.2,30.6,355.0,4.1,12.2,164.0,1.0,31.49695835,74.22120699
2024-08-27 08:00:00,42.6,29.5,333.0,3.6,10.8,164.0,0.0,31.49695835,74.22120699
2024-08-27 09:00:00,40.0,27.7,320.0,4.0,9.4,160.0,0.0,31.49695835,74.22120699
2024-08-27 10:00:00,38.2,26.4,282.0,3.5,8.1,153.0,0.0,31.49695835,74.22120699
2024-08-27 11:00:00,36.4,25.2,255.0,3.9,6.9,142.0,1.0,31.49695835,74.22120699
2024-08-27 12:00:00,26.3,18.3,410.0,19.8,8.0,86.0,0.0,31.49695835,74.22120699
2024-08-27 13:00:00,27.5,19.3,490.0,27.1,9.7,75.0,0.0,31.49695835,74.22120699
2024-08-27 14:00:00,30.0,21.0,601.0,37.1,11.9,59.0,0.0,31.49695835,74.22120699
2024-08-27 15:00:00,34.6,24.2,692.0,44.7,13.5,46.0,0.0,31.49695835,74.22120699
2024-08-27 16:00:00,39.1,27.4,756.0,48.5,13.9,36.0,0.0,31.49695835,74.22120699
2024-08-27 17:00:00,42.3,29.6,800.0,49.8,13.5,28.0,0.0,31.49695835,74.22120699
2024-08-27 18:00:00,41.4,29.0,794.0,47.4,12.9,26.0,0.0,31.49695835,74.22120699
2024-08-27 19:00:00,37.6,26.3,703.0,38.9,12.0,33.0,0.0,31.49695835,74.22120699
2024-08-27 20:00:00,33.5,23.5,563.0,26.8,10.7,45.0,0.0,31.49695835,74.22120699
2024-08-27 21:00:00,28.1,19.7,447.0,17.3,9.6,54.0,0.0,31.49695835,74.22120699
2024-08-27 22:00:00,24.3,17.1,382.0,12.6,8.6,57.0,0.0,31.49695835,74.22120699
2024-08-27 23:00:00,21.9,15.4,341.0,10.5,7.7,56.0,0.0,31.49695835,74.22120699
2024-08-28 00:00:00,15.4,10.8,289.0,8.4,7.7,68.0,0.0,31.49695835,74.22120699
2024-08-28 01:00:00,13.5,9.5,321.0,10.6,8.1,67.0,0.0,31.49695835,74.22120699
2024-08-28 02:00:00,14.2,9.9,364.0,13.4,8.7,65.0,0.0,31.49695835,74.22120699
2024-08-28 03:00:00,16.0,11.2,387.0,14.6,9.0,71.0,0.0,31.49695835,74.22120699
2024-08-28 04:00:00,18.6,13.0,373.0,12.4,8.8,90.0,0.0,31.49695835,74.22120699
2024-08-28 05:00:00,22.9,16.0,339.0,8.5,8.4,115.0,0.0,31.49695835,74.22120699
2024-08-28 06:00:00,25.2,17.6,310.0,5.5,7.9,134.0,0.0,31.49695835,74.22120699
2024-08-28 07:00:00,26.5,18.4,292.0,4.0,7.5,143.0,0.0,31.49695835,74.22120699
2024-08-28 08:00:00,25.9,18.0,279.0,3.3,7.1,145.0,0.0,31.49695835,74.22120699
2024-08-28 09:00:00,26.8,18.6,281.0,4.4,6.6,141.0,0.0,31.49695835,74.22120699
2024-08-28 10:00:00,27.8,19.3,300.0,8.0,5.8,129.0,0.0,31.49695835,74.22120699
2024-08-28 11:00:00,30.2,21.0,334.0,13.3,5.0,110.0,0.0,31.49695835,74.22120699
2024-08-28 12:00:00,31.2,21.8,374.0,15.9,6.3,103.0,0.0,31.49695835,74.22120699
2024-08-28 13:00:00,34.9,24.4,436.0,21.6,6.6,90.0,0.0,31.49695835,74.22120699
2024-08-28 14:00:00,36.1,25.3,524.0,29.4,7.0,71.0,0.0,31.49695835,74.22120699
2024-08-28 15:00:00,37.7,26.4,599.0,35.9,7.4,55.0,0.0,31.49695835,74.22120699
2024-08-28 16:00:00,39.5,27.6,653.0,40.0,7.9,46.0,0.0,31.49695835,74.22120699
2024-08-28 17:00:00,39.8,27.9,695.0,42.6,8.3,40.0,0.0,31.49695835,74.22120699
2024-08-28 18:00:00,43.7,30.6,714.0,43.1,8.5,35.0,0.0,31.49695835,74.22120699
2024-08-28 19:00:00,45.4,31.8,704.0,40.7,8.3,31.0,0.0,31.49695835,74.22120699
2024-08-28 20:00:00,44.5,31.1,671.0,36.1,7.8,29.0,0.0,31.49695835,74.22120699
2024-08-28 21:00:00,41.4,29.0,617.0,30.6,7.3,30.0,0.0,31.49695835,74.22120699
2024-08-28 22:00:00,35.7,25.1,522.0,23.4,6.6,38.0,0.0,31.49695835,74.22120699
2024-08-28 23:00:00,30.6,21.5,407.0,15.3,5.7,49.0,0.0,31.49695835,74.22120699
2024-08-29 00:00:00,30.9,21.7,362.0,9.9,7.6,60.0,0.0,31.49695835,74.22120699
2024-08-29 01:00:00,30.3,21.2,369.0,11.0,8.1,62.0,0.0,31.49695835,74.22120699
2024-08-29 02:00:00,31.2,21.9,377.0,12.5,8.8,66.0,0.0,31.49695835,74.22120699
2024-08-29 03:00:00,29.8,21.0,380.0,12.8,9.1,73.0,0.0,31.49695835,74.22120699
2024-08-29 04:00:00,27.8,19.5,370.0,10.7,8.7,89.0,0.0,31.49695835,74.22120699
2024-08-29 05:00:00,24.9,17.5,355.0,7.5,7.9,108.0,0.0,31.49695835,74.22120699
2024-08-29 06:00:00,20.0,14.1,346.0,5.6,7.4,121.0,0.0,31.49695835,74.22120699
2024-08-29 07:00:00,18.6,13.0,350.0,6.2,7.5,123.0,0.0,31.49695835,74.22120699
2024-08-29 08:00:00,20.4,14.3,360.0,8.3,7.9,117.0,0.0,31.49695835,74.22120699
2024-08-29 09:00:00,21.4,15.0,372.0,10.7,8.3,110.0,0.0,31.49695835,74.22120699
2024-08-29 10:00:00,22.3,15.6,385.0,13.5,8.7,101.0,1.0,31.49695835,74.22120699
2024-08-29 11:00:00,24.9,17.0,400.0,16.7,9.1,89.0,2.0,31.49695835,74.22120699
2024-08-29 12:00:00,44.9,27.9,337.0,12.3,8.7,110.0,15.0,31.49695835,74.22120699
2024-08-29 13:00:00,46.7,30.4,394.0,17.9,8.9,95.0,12.0,31.49695835,74.22120699
2024-08-29 14:00:00,48.0,31.9,471.0,25.5,9.3,74.0,8.0,31.49695835,74.22120699
2024-08-29 15:00:00,45.6,31.0,524.0,30.5,9.7,57.0,5.0,31.49695835,74.22120699
2024-08-29 16:00:00,43.1,29.6,532.0,30.7,10.3,49.0,3.0,31.49695835,74.22120699
2024-08-29 17:00:00,42.4,29.5,515.0,28.3,10.9,45.0,2.0,31.49695835,74.22120699
2024-08-29 18:00:00,42.1,29.4,489.0,25.4,11.5,43.0,2.0,31.49695835,74.22120699
2024-08-29 19:00:00,40.2,28.0,453.0,22.1,11.8,41.0,2.0,31.49695835,74.22120699
2024-08-29 20:00:00,38.3,26.5,407.0,18.2,12.1,40.0,3.0,31.49695835,74.22120699
2024-08-29 21:00:00,37.5,25.7,372.0,15.2,12.3,39.0,4.0,31.49695835,74.22120699
2024-08-29 22:00:00,37.6,25.4,353.0,13.7,12.6,37.0,5.0,31.49695835,74.22120699
2024-08-29 23:00:00,38.3,25.5,343.0,13.1,12.9,35.0,6.0,31.49695835,74.22120699
2024-08-30 00:00:00,35.3,22.9,286.0,10.6,12.5,48.0,8.0,31.49695835,74.22120699
2024-08-30 01:00:00,34.2,22.5,322.0,13.4,12.6,45.0,8.0,31.49695835,74.22120699
2024-08-30 02:00:00,35.9,23.7,371.0,17.0,12.7,42.0,8.0,31.49695835,74.22120699
2024-08-30 03:00:00,37.7,24.7,398.0,18.5,12.9,49.0,8.0,31.49695835,74.22120699
2024-08-30 04:00:00,37.6,24.6,383.0,15.7,13.4,73.0,8.0,31.49695835,74.22120699
2024-08-30 05:00:00,38.6,25.4,346.0,10.8,14.0,107.0,7.0,31.49695835,74.22120699
2024-08-30 06:00:00,38.8,25.6,317.0,6.9,14.3,135.0,7.0,31.49695835,74.22120699
2024-08-30 07:00:00,37.0,24.2,304.0,5.2,14.2,153.0,7.0,31.49695835,74.22120699
2024-08-30 08:00:00,38.9,25.5,297.0,4.5,13.9,166.0,7.0,31.49695835,74.22120699
2024-08-30 09:00:00,39.8,26.3,299.0,5.2,13.3,170.0,7.0,31.49695835,74.22120699
2024-08-30 10:00:00,41.0,27.1,300.0,6.9,12.1,161.0,7.0,31.49695835,74.22120699
2024-08-30 11:00:00,39.9,26.7,310.0,9.8,10.5,144.0,6.0,31.49695835,74.22120699
2024-08-30 12:00:00,49.0,30.9,311.0,11.0,10.4,130.0,13.0,31.49695835,74.22120699
2024-08-30 13:00:00,54.7,35.0,337.0,14.1,10.8,118.0,10.0,31.49695835,74.22120699
2024-08-30 14:00:00,53.2,35.5,376.0,18.4,11.4,101.0,7.0,31.49695835,74.22120699
2024-08-30 15:00:00,43.9,30.4,421.0,22.8,12.0,85.0,4.0,31.49695835,74.22120699
2024-08-30 16:00:00,44.7,31.2,482.0,27.5,12.5,70.0,3.0,31.49695835,74.22120699
2024-08-30 17:00:00,48.2,33.9,551.0,32.1,12.9,56.0,3.0,31.49695835,74.22120699
2024-08-30 18:00:00,50.1,35.3,594.0,34.6,13.2,46.0,3.0,31.49695835,74.22120699
2024-08-30 19:00:00,49.0,34.6,592.0,33.3,13.2,41.0,3.0,31.49695835,74.22120699
2024-08-30 20:00:00,50.5,35.5,564.0,29.7,12.9,39.0,3.0,31.49695835,74.22120699
2024-08-30 21:00:00,50.9,35.6,538.0,26.5,12.6,38.0,3.0,31.49695835,74.22120699
2024-08-30 22:00:00,51.0,35.6,521.0,24.3,12.1,35.0,3.0,31.49695835,74.22120699
2024-08-30 23:00:00,50.8,35.4,506.0,22.3,11.6,33.0,4.0,31.49695835,74.22120699
2024-08-31 00:00:00,45.1,30.5,409.0,18.9,9.7,37.0,6.0,31.49695835,74.22120699
2024-08-31 01:00:00,45.8,31.1,454.0,20.6,10.4,43.0,8.0,31.49695835,74.22120699
2024-08-31 02:00:00,50.3,34.0,512.0,22.7,11.5,53.0,10.0,31.49695835,74.22120699
2024-08-31 03:00:00,55.5,36.3,535.0,22.6,12.7,69.0,11.0,31.49695835,74.22120699
2024-08-31 04:00:00,61.7,39.7,489.0,18.1,14.5,99.0,11.0,31.49695835,74.22120699
2024-08-31 05:00:00,60.8,38.8,407.0,11.5,16.5,136.0,11.0,31.49695835,74.22120699
2024-08-31 06:00:00,51.6,33.2,341.0,6.4,17.3,163.0,10.0,31.49695835,74.22120699
2024-08-31 07:00:00,45.3,29.3,310.0,4.4,16.0,172.0,10.0,31.49695835,74.22120699
2024-08-31 08:00:00,42.1,27.1,296.0,4.1,13.6,170.0,9.0,31.49695835,74.22120699
2024-08-31 09:00:00,40.3,25.8,294.0,4.8,11.8,166.0,9.0,31.49695835,74.22120699
2024-08-31 10:00:00,39.3,25.0,286.0,5.0,11.5,164.0,9.0,31.49695835,74.22120699
2024-08-31 11:00:00,39.5,25.2,290.0,6.2,11.8,160.0,9.0,31.49695835,74.22120699
2024-08-31 12:00:00,25.9,18.0,344.0,11.7,11.6,144.0,1.0,31.49695835,74.22120699
2024-08-31 13:00:00,34.9,24.0,638.0,34.9,12.6,111.0,2.0,31.49695835,74.22120699
2024-08-31 14:00:00,48.3,33.3,1038.0,66.3,14.0,67.0,2.0,31.49695835,74.22120699
2024-08-31 15:00:00,63.8,43.9,1298.0,86.5,14.6,34.0,3.0,31.49695835,74.22120699
2024-08-31 16:00:00,69.8,48.1,1292.0,85.5,13.7,25.0,3.0,31.49695835,74.22120699
2024-08-31 17:00:00,62.9,43.2,1146.0,73.1,12.0,27.0,4.0,31.49695835,74.22120699
2024-08-31 18:00:00,56.6,38.5,995.0,59.8,10.5,32.0,4.0,31.49695835,74.22120699
2024-08-31 19:00:00,52.6,35.6,873.0,47.4,9.4,37.0,4.0,31.49695835,74.22120699
2024-08-31 20:00:00,50.4,34.0,746.0,33.9,8.3,45.0,5.0,31.49695835,74.22120699
2024-08-31 21:00:00,49.0,32.9,652.0,23.9,7.6,49.0,5.0,31.49695835,74.22120699
2024-08-31 22:00:00,47.6,31.9,604.0,19.5,7.2,46.0,5.0,31.49695835,74.22120699
2024-08-31 23:00:00,46.1,31.0,588.0,18.4,7.0,39.0,5.0,31.49695835,74.22120699
2024-09-01 00:00:00,54.7,36.4,737.0,27.4,9.6,39.0,8.0,31.49695835,74.22120699
2024-09-01 01:00:00,52.7,34.9,754.0,27.5,9.3,50.0,9.0,31.49695835,74.22120699
2024-09-01 02:00:00,56.6,37.7,772.0,27.4,9.0,66.0,10.0,31.49695835,74.22120699
2024-09-01 03:00:00,58.8,38.6,747.0,25.4,9.4,87.0,11.0,31.49695835,74.22120699
2024-09-01 04:00:00,52.4,33.9,637.0,19.5,11.4,117.0,11.0,31.49695835,74.22120699
2024-09-01 05:00:00,46.6,29.9,483.0,11.6,14.1,152.0,10.0,31.49695835,74.22120699
2024-09-01 06:00:00,43.2,27.7,368.0,5.9,15.8,178.0,10.0,31.49695835,74.22120699
2024-09-01 07:00:00,41.6,26.7,329.0,4.0,15.6,189.0,10.0,31.49695835,74.22120699
2024-09-01 08:00:00,40.9,26.2,328.0,4.3,14.4,190.0,9.0,31.49695835,74.22120699
2024-09-01 09:00:00,41.2,26.5,337.0,5.4,13.5,188.0,9.0,31.49695835,74.22120699
2024-09-01 10:00:00,41.4,26.7,302.0,4.1,13.1,186.0,9.0,31.49695835,74.22120699
2024-09-01 11:00:00,41.9,27.2,277.0,3.6,12.9,181.0,8.0,31.49695835,74.22120699
2024-09-01 12:00:00,48.7,31.5,393.0,12.0,14.9,174.0,10.0,31.49695835,74.22120699
2024-09-01 13:00:00,63.8,42.5,837.0,46.6,16.9,134.0,10.0,31.49695835,74.22120699
2024-09-01 14:00:00,86.4,58.1,1450.0,93.8,19.5,78.0,9.0,31.49695835,74.22120699
2024-09-01 15:00:00,105.0,71.2,1908.0,125.9,21.2,35.0,9.0,31.49695835,74.22120699
2024-09-01 16:00:00,118.3,80.3,2069.0,128.6,21.0,18.0,8.0,31.49695835,74.22120699
2024-09-01 17:00:00,115.5,78.7,2076.0,116.2,19.7,14.0,7.0,31.49695835,74.22120699
2024-09-01 18:00:00,107.3,73.3,2028.0,104.0,18.4,12.0,7.0,31.49695835,74.22120699
2024-09-01 19:00:00,102.4,69.8,1948.0,98.2,17.2,7.0,7.0,31.49695835,74.22120699
2024-09-01 20:00:00,99.7,67.5,1814.0,92.6,15.8,4.0,8.0,31.49695835,74.22120699
2024-09-01 21:00:00,95.9,65.0,1659.0,84.4,14.7,4.0,8.0,31.49695835,74.22120699
2024-09-01 22:00:00,90.1,61.0,1484.0,71.0,14.0,8.0,7.0,31.49695835,74.22120699
2024-09-01 23:00:00,85.4,57.7,1289.0,55.0,13.5,15.0,7.0,31.49695835,74.22120699
2024-09-02 00:00:00,82.2,56.0,1256.0,52.1,13.0,17.0,6.0,31.49695835,74.22120699
2024-09-02 01:00:00,73.8,50.3,1079.0,43.1,12.9,38.0,6.0,31.49695835,74.22120699
2024-09-02 02:00:00,68.0,46.2,833.0,30.5,12.8,67.0,7.0,31.49695835,74.22120699
2024-09-02 03:00:00,62.2,41.3,629.0,19.9,12.7,97.0,7.0,31.49695835,74.22120699
2024-09-02 04:00:00,61.2,39.7,511.0,13.4,12.8,126.0,8.0,31.49695835,74.22120699
2024-09-02 05:00:00,56.1,36.1,435.0,9.0,12.9,155.0,9.0,31.49695835,74.22120699
2024-09-02 06:00:00,54.6,35.0,387.0,6.0,13.0,179.0,9.0,31.49695835,74.22120699
2024-09-02 07:00:00,53.7,34.5,369.0,4.4,13.2,197.0,9.0,31.49695835,74.22120699
2024-09-02 08:00:00,53.7,34.6,378.0,4.3,13.4,211.0,9.0,31.49695835,74.22120699
2024-09-02 09:00:00,54.0,35.0,394.0,5.5,13.4,216.0,8.0,31.49695835,74.22120699
2024-09-02 10:00:00,54.2,35.4,398.0,7.3,13.0,212.0,7.0,31.49695835,74.22120699
2024-09-02 11:00:00,57.5,37.7,409.0,10.3,12.5,200.0,7.0,31.49695835,74.22120699
2024-09-02 12:00:00,61.2,39.8,405.0,13.7,11.6,173.0,8.0,31.49695835,74.22120699
2024-09-02 13:00:00,62.2,41.3,432.0,17.0,10.1,146.0,7.0,31.49695835,74.22120699
2024-09-02 14:00:00,62.2,41.8,470.0,21.6,8.0,110.0,5.0,31.49695835,74.22120699
2024-09-02 15:00:00,60.5,41.2,502.0,24.8,6.6,81.0,4.0,31.49695835,74.22120699
2024-09-02 16:00:00,62.6,42.7,525.0,25.8,6.7,69.0,3.0,31.49695835,74.22120699
2024-09-02 17:00:00,63.6,43.4,542.0,25.5,7.4,65.0,3.0,31.49695835,74.22120699
2024-09-02 18:00:00,63.1,43.4,542.0,24.1,8.1,63.0,3.0,31.49695835,74.22120699
2024-09-02 19:00:00,62.4,43.1,518.0,21.0,8.4,61.0,2.0,31.49695835,74.22120699
2024-09-02 20:00:00,60.8,42.0,477.0,16.7,8.5,62.0,2.0,31.49695835,74.22120699
2024-09-02 21:00:00,56.8,39.5,435.0,13.0,8.6,64.0,1.0,31.49695835,74.22120699
2024-09-02 22:00:00,51.9,36.1,384.0,9.9,8.4,69.0,1.0,31.49695835,74.22120699
2024-09-02 23:00:00,49.5,34.3,332.0,7.4,8.1,74.0,1.0,31.49695835,74.22120699
2024-09-03 00:00:00,56.8,39.6,457.0,12.3,9.9,50.0,1.0,31.49695835,74.22120699
2024-09-03 01:00:00,55.9,38.9,459.0,14.3,10.6,56.0,1.0,31.49695835,74.22120699
2024-09-03 02:00:00,60.5,41.7,461.0,17.0,11.6,65.0,2.0,31.49695835,74.22120699
2024-09-03 03:00:00,59.8,41.0,461.0,18.6,12.7,77.0,2.0,31.49695835,74.22120699
2024-09-03 04:00:00,59.8,41.0,457.0,18.1,14.2,91.0,2.0,31.49695835,74.22120699
2024-09-03 05:00:00,55.1,37.8,451.0,16.4,15.8,107.0,1.0,31.49695835,74.22120699
2024-09-03 06:00:00,51.8,35.5,448.0,14.5,17.0,128.0,1.0,31.49695835,74.22120699
2024-09-03 07:00:00,52.2,35.9,450.0,11.8,17.6,161.0,1.0,31.49695835,74.22120699
2024-09-03 08:00:00,52.9,36.3,455.0,8.9,17.8,199.0,2.0,31.49695835,74.22120699
2024-09-03 09:00:00,55.2,37.8,466.0,8.0,17.4,221.0,2.0,31.49695835,74.22120699
2024-09-03 10:00:00,56.3,38.6,472.0,9.3,16.2,217.0,2.0,31.49695835,74.22120699
2024-09-03 11:00:00,56.9,39.1,485.0,12.6,14.5,197.0,1.0,31.49695835,74.22120699
2024-09-03 12:00:00,56.5,38.5,448.0,15.9,16.0,184.0,2.0,31.49695835,74.22120699
2024-09-03 13:00:00,61.7,42.4,539.0,24.1,14.7,152.0,2.0,31.49695835,74.22120699
2024-09-03 14:00:00,57.7,39.9,664.0,35.3,12.9,107.0,1.0,31.49695835,74.22120699
2024-09-03 15:00:00,61.2,42.5,745.0,42.4,11.5,72.0,1.0,31.49695835,74.22120699
2024-09-03 16:00:00,61.2,42.6,745.0,41.7,10.8,59.0,1.0,31.49695835,74.22120699
2024-09-03 17:00:00,58.4,40.6,701.0,37.0,10.5,55.0,1.0,31.49695835,74.22120699
2024-09-03 18:00:00,56.1,39.0,654.0,32.2,10.0,53.0,1.0,31.49695835,74.22120699
2024-09-03 19:00:00,54.2,37.7,611.0,28.3,9.1,48.0,1.0,31.49695835,74.22120699
2024-09-03 20:00:00,52.2,36.2,564.0,24.4,8.1,44.0,0.0,31.49695835,74.22120699
2024-09-03 21:00:00,50.5,35.2,529.0,21.4,7.5,40.0,0.0,31.49695835,74.22120699
2024-09-03 22:00:00,49.2,34.2,512.0,19.8,7.4,35.0,0.0,31.49695835,74.22120699
2024-09-03 23:00:00,48.4,33.6,508.0,19.2,7.7,30.0,0.0,31.49695835,74.22120699
2024-09-04 00:00:00,53.1,36.8,568.0,20.4,8.7,29.0,1.0,31.49695835,74.22120699
2024-09-04 01:00:00,55.4,38.3,595.0,22.0,9.9,39.0,1.0,31.49695835,74.22120699
2024-09-04 02:00:00,59.8,41.3,628.0,24.1,11.6,55.0,0.0,31.49695835,74.22120699
2024-09-04 03:00:00,62.2,43.0,630.0,23.9,13.2,77.0,0.0,31.49695835,74.22120699
2024-09-04 04:00:00,62.6,43.2,569.0,19.4,14.8,112.0,0.0,31.49695835,74.22120699
2024-09-04 05:00:00,56.9,39.2,476.0,12.8,16.3,154.0,1.0,31.49695835,74.22120699
2024-09-04 06:00:00,49.4,33.9,404.0,7.6,16.9,186.0,1.0,31.49695835,74.22120699
2024-09-04 07:00:00,45.8,31.4,375.0,5.3,16.0,201.0,1.0,31.49695835,74.22120699
2024-09-04 08:00:00,44.9,30.9,367.0,4.5,14.3,207.0,1.0,31.49695835,74.22120699
2024-09-04 09:00:00,44.2,30.4,366.0,4.6,12.9,208.0,1.0,31.49695835,74.22120699
2024-09-04 10:00:00,43.7,30.0,324.0,1.9,12.1,210.0,1.0,31.49695835,74.22120699
2024-09-04 11:00:00,43.5,29.9,290.0,0.2,11.6,208.0,1.0,31.49695835,74.22120699
2024-09-04 12:00:00,48.9,33.8,441.0,12.9,20.8,222.0,1.0,31.49695835,74.22120699
2024-09-04 13:00:00,57.9,40.0,671.0,31.9,20.4,178.0,1.0,31.49695835,74.22120699
2024-09-04 14:00:00,79.6,55.4,985.0,57.8,19.7,116.0,0.0,31.49695835,74.22120699
2024-09-04 15:00:00,85.4,59.5,1200.0,74.1,18.8,70.0,0.0,31.49695835,74.22120699
2024-09-04 16:00:00,87.1,60.5,1231.0,72.5,17.6,53.0,0.0,31.49695835,74.22120699
2024-09-04 17:00:00,83.8,58.4,1162.0,61.5,16.2,52.0,0.0,31.49695835,74.22120699
2024-09-04 18:00:00,78.9,54.9,1066.0,50.0,14.8,53.0,0.0,31.49695835,74.22120699
2024-09-04 19:00:00,71.5,49.9,953.0,40.4,13.5,54.0,0.0,31.49695835,74.22120699
2024-09-04 20:00:00,65.4,45.8,813.0,30.4,12.2,57.0,0.0,31.49695835,74.22120699
2024-09-04 21:00:00,60.3,42.1,684.0,22.2,11.0,61.0,0.0,31.49695835,74.22120699
2024-09-04 22:00:00,54.4,38.0,571.0,16.4,9.8,65.0,0.0,31.49695835,74.22120699
2024-09-04 23:00:00,45.4,31.8,469.0,12.4,8.6,70.0,0.0,31.49695835,74.22120699
2024-09-05 00:00:00,61.9,43.3,747.0,25.3,9.8,32.0,0.0,31.49695835,74.22120699
2024-09-05 01:00:00,58.4,40.9,695.0,24.6,11.7,50.0,0.0,31.49695835,74.22120699
2024-09-05 02:00:00,54.1,37.7,622.0,23.4,14.4,76.0,0.0,31.49695835,74.22120699
2024-09-05 03:00:00,52.2,36.2,557.0,21.1,17.2,105.0,0.0,31.49695835,74.22120699
2024-09-05 04:00:00,54.6,37.7,510.0,16.5,20.6,141.0,0.0,31.49695835,74.22120699
2024-09-05 05:00:00,54.2,37.4,471.0,10.8,24.0,180.0,1.0,31.49695835,74.22120699
2024-09-05 06:00:00,54.7,37.6,438.0,6.5,25.5,208.0,1.0,31.49695835,74.22120699
2024-09-05 07:00:00,51.8,35.6,409.0,4.7,23.4,216.0,1.0,31.49695835,74.22120699
2024-09-05 08:00:00,49.0,33.6,386.0,4.4,19.3,212.0,1.0,31.49695835,74.22120699
2024-09-05 09:00:00,49.5,34.0,375.0,5.0,15.9,205.0,1.0,31.49695835,74.22120699
2024-09-05 10:00:00,50.2,34.6,366.0,5.5,14.2,202.0,1.0,31.49695835,74.22120699
2024-09-05 11:00:00,51.2,35.3,370.0,7.0,13.1,196.0,1.0,31.49695835,74.22120699
2024-09-05 12:00:00,62.9,43.3,420.0,10.2,18.6,205.0,1.0,31.49695835,74.22120699
2024-09-05 13:00:00,65.4,45.1,586.0,24.5,18.4,167.0,1.0,31.49695835,74.22120699
2024-09-05 14:00:00,75.2,51.9,815.0,43.9,18.1,115.0,1.0,31.49695835,74.22120699
2024-09-05 15:00:00,85.4,59.1,981.0,56.7,17.9,76.0,1.0,31.49695835,74.22120699
2024-09-05 16:00:00,93.1,64.5,1040.0,57.4,18.1,62.0,1.0,31.49695835,74.22120699
2024-09-05 17:00:00,94.5,65.7,1037.0,51.5,18.3,60.0,0.0,31.49695835,74.22120699
2024-09-05 18:00:00,88.5,61.7,982.0,43.9,17.6,62.0,0.0,31.49695835,74.22120699
2024-09-05 19:00:00,78.5,54.8,851.0,34.9,15.0,63.0,0.0,31.49695835,74.22120699
2024-09-05 20:00:00,64.3,44.9,668.0,24.2,11.4,67.0,0.0,31.49695835,74.22120699
2024-09-05 21:00:00,51.5,35.9,517.0,15.7,8.8,74.0,0.0,31.49695835,74.22120699
2024-09-05 22:00:00,37.3,25.9,427.0,10.8,8.1,85.0,0.0,31.49695835,74.22120699
2024-09-05 23:00:00,27.0,18.7,368.0,8.1,8.4,99.0,0.0,31.49695835,74.22120699
2024-09-06 00:00:00,38.8,27.0,402.0,11.0,8.9,76.0,1.0,31.49695835,74.22120699
2024-09-06 01:00:00,38.1,26.4,415.0,12.9,9.7,81.0,1.0,31.49695835,74.22120699
2024-09-06 02:00:00,39.6,27.4,433.0,15.4,10.7,90.0,1.0,31.49695835,74.22120699
2024-09-06 03:00:00,41.4,28.7,435.0,16.2,11.0,100.0,1.0,31.49695835,74.22120699
2024-09-06 04:00:00,39.0,27.0,408.0,13.8,9.8,114.0,1.0,31.49695835,74.22120699
2024-09-06 05:00:00,33.5,23.2,366.0,9.8,7.8,130.0,1.0,31.49695835,74.22120699
2024-09-06 06:00:00,34.6,24.0,336.0,6.7,6.4,144.0,1.0,31.49695835,74.22120699
2024-09-06 07:00:00,35.7,24.7,330.0,5.4,6.0,156.0,1.0,31.49695835,74.22120699
2024-09-06 08:00:00,33.9,23.5,335.0,5.1,6.0,166.0,1.0,31.49695835,74.22120699
2024-09-06 09:00:00,33.4,23.2,347.0,5.6,6.4,173.0,1.0,31.49695835,74.22120699
2024-09-06 10:00:00,33.4,23.2,344.0,5.5,7.1,179.0,1.0,31.49695835,74.22120699
2024-09-06 11:00:00,34.5,23.9,347.0,6.3,8.2,183.0,1.0,31.49695835,74.22120699
2024-09-06 12:00:00,43.7,30.2,422.0,12.6,10.2,179.0,1.0,31.49695835,74.22120699
2024-09-06 13:00:00,52.9,36.8,468.0,17.1,9.7,153.0,1.0,31.49695835,74.22120699
2024-09-06 14:00:00,53.1,37.0,530.0,23.2,9.0,116.0,0.0,31.49695835,74.22120699
2024-09-06 15:00:00,41.3,28.9,572.0,27.4,8.4,87.0,0.0,31.49695835,74.22120699
2024-09-06 16:00:00,35.9,25.1,577.0,28.2,8.0,71.0,0.0,31.49695835,74.22120699
2024-09-06 17:00:00,35.9,25.1,563.0,27.2,7.6,63.0,0.0,31.49695835,74.22120699
2024-09-06 18:00:00,36.7,25.7,541.0,25.3,7.4,57.0,0.0,31.49695835,74.22120699
2024-09-06 19:00:00,35.7,25.0,510.0,22.4,7.3,54.0,0.0,31.49695835,74.22120699
2024-09-06 20:00:00,35.3,24.7,473.0,18.6,7.2,53.0,0.0,31.49695835,74.22120699
2024-09-06 21:00:00,35.4,24.9,446.0,15.8,7.2,52.0,0.0,31.49695835,74.22120699
2024-09-06 22:00:00,35.9,25.1,439.0,14.8,7.0,46.0,0.0,31.49695835,74.22120699
2024-09-06 23:00:00,36.1,25.3,444.0,14.8,7.0,39.0,0.0,31.49695835,74.22120699
2024-09-07 00:00:00,38.3,26.8,398.0,11.2,8.7,60.0,0.0,31.49695835,74.22120699
2024-09-07 01:00:00,40.5,28.3,419.0,13.3,10.3,66.0,0.0,31.49695835,74.22120699
2024-09-07 02:00:00,43.0,30.0,448.0,16.1,12.5,75.0,0.0,31.49695835,74.22120699
2024-09-07 03:00:00,43.3,30.3,465.0,17.1,13.9,90.0,0.0,31.49695835,74.22120699
2024-09-07 04:00:00,45.9,31.9,460.0,14.7,13.8,114.0,0.0,31.49695835,74.22120699
2024-09-07 05:00:00,45.1,31.3,443.0,10.6,12.8,143.0,0.0,31.49695835,74.22120699
2024-09-07 06:00:00,41.1,28.6,426.0,7.4,11.8,166.0,0.0,31.49695835,74.22120699
2024-09-07 07:00:00,37.3,26.0,408.0,5.9,10.8,177.0,0.0,31.49695835,74.22120699
2024-09-07 08:00:00,34.1,23.8,389.0,5.2,9.6,180.0,0.0,31.49695835,74.22120699
2024-09-07 09:00:00,33.2,23.2,381.0,5.6,8.9,181.0,0.0,31.49695835,74.22120699
2024-09-07 10:00:00,33.4,23.3,351.0,4.6,8.8,183.0,0.0,31.49695835,74.22120699
2024-09-07 11:00:00,34.1,23.8,333.0,4.6,9.0,181.0,0.0,31.49695835,74.22120699
2024-09-07 12:00:00,26.9,18.8,416.0,12.4,8.0,159.0,0.0,31.49695835,74.22120699
2024-09-07 13:00:00,38.8,27.1,760.0,38.1,9.2,122.0,0.0,31.49695835,74.22120699
2024-09-07 14:00:00,58.6,41.0,1232.0,73.1,10.8,70.0,0.0,31.49695835,74.22120699
2024-09-07 15:00:00,68.9,48.2,1576.0,96.6,12.1,32.0,0.0,31.49695835,74.22120699
2024-09-07 16:00:00,66.6,46.6,1677.0,97.6,12.7,20.0,0.0,31.49695835,74.22120699
2024-09-07 17:00:00,72.6,50.9,1649.0,87.1,13.0,21.0,0.0,31.49695835,74.22120699
2024-09-07 18:00:00,70.3,49.1,1577.0,76.9,12.8,22.0,0.0,31.49695835,74.22120699
2024-09-07 19:00:00,60.8,42.6,1473.0,71.1,12.0,20.0,0.0,31.49695835,74.22120699
2024-09-07 20:00:00,57.3,40.2,1324.0,65.5,10.9,18.0,0.0,31.49695835,74.22120699
2024-09-07 21:00:00,54.9,38.4,1179.0,59.6,9.9,18.0,0.0,31.49695835,74.22120699
2024-09-07 22:00:00,51.3,35.9,1056.0,53.2,9.2,17.0,0.0,31.49695835,74.22120699
2024-09-07 23:00:00,46.8,32.7,936.0,46.4,8.7,16.0,0.0,31.49695835,74.22120699
2024-09-08 00:00:00,40.6,28.5,763.0,35.1,7.2,25.0,0.0,31.49695835,74.22120699
2024-09-08 01:00:00,39.6,27.7,714.0,31.8,8.5,42.0,0.0,31.49695835,74.22120699
2024-09-08 02:00:00,40.7,28.5,644.0,27.0,10.4,68.0,0.0,31.49695835,74.22120699
2024-09-08 03:00:00,41.6,29.1,572.0,21.9,11.3,93.0,0.0,31.49695835,74.22120699
2024-09-08 04:00:00,38.1,26.6,498.0,16.1,10.5,119.0,0.0,31.49695835,74.22120699
2024-09-08 05:00:00,32.7,22.8,423.0,10.0,8.9,145.0,0.0,31.49695835,74.22120699
2024-09-08 06:00:00,29.5,20.6,369.0,5.7,7.7,165.0,0.0,31.49695835,74.22120699
2024-09-08 07:00:00,28.9,20.2,349.0,4.2,7.5,177.0,0.0,31.49695835,74.22120699
2024-09-08 08:00:00,28.6,19.9,351.0,4.4,7.8,183.0,0.0,31.49695835,74.22120699
2024-09-08 09:00:00,29.3,20.4,360.0,5.5,8.2,185.0,0.0,31.49695835,74.22120699
2024-09-08 10:00:00,30.5,21.2,321.0,3.7,8.6,188.0,0.0,31.49695835,74.22120699
2024-09-08 11:00:00,31.3,21.8,289.0,2.7,9.3,188.0,0.0,31.49695835,74.22120699
2024-09-08 12:00:00,34.6,24.2,407.0,12.3,12.7,176.0,0.0,31.49695835,74.22120699
2024-09-08 13:00:00,47.8,33.5,716.0,37.5,13.0,133.0,0.0,31.49695835,74.22120699
2024-09-08 14:00:00,63.1,44.2,1141.0,72.0,13.5,74.0,0.0,31.49695835,74.22120699
2024-09-08 15:00:00,72.2,50.4,1446.0,95.3,13.8,30.0,0.0,31.49695835,74.22120699
2024-09-08 16:00:00,73.8,51.7,1521.0,97.4,13.8,16.0,0.0,31.49695835,74.22120699
2024-09-08 17:00:00,74.7,52.4,1476.0,88.4,13.7,16.0,0.0,31.49695835,74.22120699
2024-09-08 18:00:00,74.5,52.2,1411.0,78.1,13.6,19.0,0.0,31.49695835,74.22120699
2024-09-08 19:00:00,72.9,51.1,1345.0,68.3,13.4,21.0,0.0,31.49695835,74.22120699
2024-09-08 20:00:00,72.4,50.6,1257.0,57.1,13.2,25.0,0.0,31.49695835,74.22120699
2024-09-08 21:00:00,73.6,51.5,1191.0,48.8,13.1,28.0,0.0,31.49695835,74.22120699
2024-09-08 22:00:00,74.7,52.3,1164.0,45.9,13.1,24.0,0.0,31.49695835,74.22120699
2024-09-08 23:00:00,75.7,52.9,1158.0,45.9,13.3,17.0,0.0,31.49695835,74.22120699
2024-09-09 00:00:00,70.5,48.7,919.0,26.2,12.0,43.0,1.0,31.49695835,74.22120699
2024-09-09 01:00:00,73.6,50.5,963.0,28.3,12.0,54.0,2.0,31.49695835,74.22120699
2024-09-09 02:00:00,80.3,54.7,1017.0,30.8,11.9,70.0,5.0,31.49695835,74.22120699
2024-09-09 03:00:00,89.4,59.6,1006.0,30.2,12.0,93.0,7.0,31.49695835,74.22120699
2024-09-09 04:00:00,100.8,65.2,867.0,23.6,12.4,130.0,10.0,31.49695835,74.22120699
2024-09-09 05:00:00,104.3,65.7,663.0,13.9,13.0,173.0,14.0,31.49695835,74.22120699
2024-09-09 06:00:00,84.8,53.2,506.0,6.7,13.3,205.0,16.0,31.49695835,74.22120699
2024-09-09 07:00:00,71.2,45.2,440.0,4.0,13.0,217.0,15.0,31.49695835,74.22120699
2024-09-09 08:00:00,65.4,41.6,421.0,3.7,12.5,218.0,12.0,31.49695835,74.22120699
2024-09-09 09:00:00,63.1,40.3,428.0,5.6,12.1,213.0,10.0,31.49695835,74.22120699
2024-09-09 10:00:00,61.7,39.5,422.0,7.4,12.0,206.0,9.0,31.49695835,74.22120699
2024-09-09 11:00:00,61.0,39.0,443.0,11.3,12.1,194.0,8.0,31.49695835,74.22120699
2024-09-09 12:00:00,67.8,43.8,549.0,23.6,11.2,152.0,7.0,31.49695835,74.22120699
2024-09-09 13:00:00,77.8,50.5,769.0,41.0,11.7,120.0,7.0,31.49695835,74.22120699
2024-09-09 14:00:00,86.8,57.2,1074.0,64.9,12.3,76.0,7.0,31.49695835,74.22120699
2024-09-09 15:00:00,89.4,59.6,1307.0,81.6,12.8,42.0,6.0,31.49695835,74.22120699
2024-09-09 16:00:00,88.7,59.6,1413.0,85.3,13.1,26.0,5.0,31.49695835,74.22120699
2024-09-09 17:00:00,91.5,62.2,1448.0,81.7,13.2,20.0,3.0,31.49695835,74.22120699
2024-09-09 18:00:00,89.9,61.2,1418.0,74.6,13.1,18.0,2.0,31.49695835,74.22120699
2024-09-09 19:00:00,82.9,56.8,1298.0,63.2,12.7,22.0,1.0,31.49695835,74.22120699
2024-09-09 20:00:00,76.4,52.9,1114.0,48.2,12.1,31.0,1.0,31.49695835,74.22120699
2024-09-09 21:00:00,71.5,49.6,951.0,35.7,11.5,38.0,1.0,31.49695835,74.22120699
2024-09-09 22:00:00,66.8,46.3,832.0,27.5,10.8,40.0,1.0,31.49695835,74.22120699
2024-09-09 23:00:00,62.4,43.3,735.0,21.7,10.1,41.0,1.0,31.49695835,74.22120699
2024-09-10 00:00:00,60.1,42.1,860.0,27.1,10.2,31.0,0.0,31.49695835,74.22120699
2024-09-10 01:00:00,56.8,39.7,826.0,27.4,10.7,44.0,0.0,31.49695835,74.22120699
2024-09-10 02:00:00,57.5,40.2,776.0,27.6,11.5,63.0,0.0,31.49695835,74.22120699
2024-09-10 03:00:00,58.0,39.7,713.0,25.8,12.4,86.0,1.0,31.49695835,74.22120699
2024-09-10 04:00:00,65.7,43.4,625.0,20.1,13.9,119.0,5.0,31.49695835,74.22120699
2024-09-10 05:00:00,73.6,45.9,524.0,12.5,15.5,156.0,11.0,31.49695835,74.22120699
2024-09-10 06:00:00,77.1,47.5,446.0,6.8,16.2,183.0,15.0,31.49695835,74.22120699
2024-09-10 07:00:00,78.7,48.0,406.0,4.6,15.1,193.0,18.0,31.49695835,74.22120699
2024-09-10 08:00:00,80.6,48.5,388.0,4.2,13.1,193.0,19.0,31.49695835,74.22120699
2024-09-10 09:00:00,81.7,49.1,387.0,5.1,11.8,191.0,20.0,31.49695835,74.22120699
2024-09-10 10:00:00,83.1,50.1,406.0,7.2,12.4,192.0,21.0,31.49695835,74.22120699
2024-09-10 11:00:00,84.1,50.8,441.0,10.6,13.7,190.0,21.0,31.49695835,74.22120699
2024-09-10 12:00:00,72.6,45.3,435.0,12.9,10.1,162.0,13.0,31.49695835,74.22120699
2024-09-10 13:00:00,82.7,53.2,780.0,37.0,11.1,125.0,12.0,31.49695835,74.22120699
2024-09-10 14:00:00,97.3,63.6,1253.0,70.0,12.4,74.0,11.0,31.49695835,74.22120699
2024-09-10 15:00:00,108.5,71.5,1590.0,92.3,13.3,35.0,10.0,31.49695835,74.22120699
2024-09-10 16:00:00,114.6,75.9,1667.0,93.9,13.4,20.0,9.0,31.49695835,74.22120699
2024-09-10 17:00:00,109.9,73.3,1608.0,84.9,12.9,18.0,7.0,31.49695835,74.22120699
2024-09-10 18:00:00,102.0,68.2,1521.0,75.8,12.4,17.0,6.0,31.49695835,74.22120699
2024-09-10 19:00:00,97.6,65.4,1429.0,70.3,11.7,15.0,5.0,31.49695835,74.22120699
2024-09-10 20:00:00,93.4,62.6,1310.0,64.7,10.8,14.0,5.0,31.49695835,74.22120699
2024-09-10 21:00:00,85.9,58.1,1206.0,59.3,10.2,14.0,5.0,31.49695835,74.22120699
2024-09-10 22:00:00,81.0,54.9,1134.0,53.8,9.9,12.0,5.0,31.49695835,74.22120699
2024-09-10 23:00:00,79.6,53.9,1077.0,48.4,9.8,10.0,4.0,31.49695835,74.22120699
2024-09-11 00:00:00,91.5,61.9,1353.0,58.8,12.2,7.0,5.0,31.49695835,74.22120699
2024-09-11 01:00:00,89.2,60.3,1219.0,52.1,13.8,32.0,5.0,31.49695835,74.22120699
2024-09-11 02:00:00,91.5,62.2,1030.0,42.6,16.0,68.0,4.0,31.49695835,74.22120699
2024-09-11 03:00:00,80.1,54.2,848.0,33.0,16.9,101.0,4.0,31.49695835,74.22120699
2024-09-11 04:00:00,68.5,46.2,686.0,23.5,15.5,129.0,3.0,31.49695835,74.22120699
2024-09-11 05:00:00,57.4,39.0,532.0,14.0,12.9,155.0,3.0,31.49695835,74.22120699
2024-09-11 06:00:00,52.6,36.0,416.0,7.2,10.7,173.0,2.0,31.49695835,74.22120699
2024-09-11 07:00:00,50.2,34.3,356.0,4.4,9.5,179.0,2.0,31.49695835,74.22120699
2024-09-11 08:00:00,46.2,31.7,335.0,4.2,8.7,177.0,1.0,31.49695835,74.22120699
2024-09-11 09:00:00,44.5,30.5,331.0,5.1,8.2,173.0,1.0,31.49695835,74.22120699
2024-09-11 10:00:00,43.4,29.8,301.0,4.3,7.7,170.0,1.0,31.49695835,74.22120699
2024-09-11 11:00:00,44.5,30.5,288.0,4.5,7.4,165.0,1.0,31.49695835,74.22120699
2024-09-11 12:00:00,32.6,22.6,375.0,12.6,8.9,157.0,0.0,31.49695835,74.22120699
2024-09-11 13:00:00,48.4,33.8,622.0,33.1,10.2,125.0,0.0,31.49695835,74.22120699
2024-09-11 14:00:00,62.6,43.7,963.0,61.3,12.1,82.0,0.0,31.49695835,74.22120699
2024-09-11 15:00:00,67.1,46.7,1226.0,81.8,13.8,49.0,0.0,31.49695835,74.22120699
2024-09-11 16:00:00,69.2,48.2,1341.0,87.9,15.4,38.0,0.0,31.49695835,74.22120699
2024-09-11 17:00:00,75.0,52.2,1379.0,86.2,16.9,39.0,1.0,31.49695835,74.22120699
2024-09-11 18:00:00,82.4,57.2,1373.0,81.1,17.7,41.0,1.0,31.49695835,74.22120699
2024-09-11 19:00:00,86.4,59.6,1325.0,72.9,17.3,42.0,1.0,31.49695835,74.22120699
2024-09-11 20:00:00,87.1,60.1,1235.0,61.3,16.3,45.0,2.0,31.49695835,74.22120699
2024-09-11 21:00:00,82.9,56.9,1134.0,49.5,15.2,51.0,2.0,31.49695835,74.22120699
2024-09-11 22:00:00,78.0,53.7,1008.0,36.5,14.2,60.0,2.0,31.49695835,74.22120699
2024-09-11 23:00:00,76.1,52.2,872.0,23.3,13.3,72.0,3.0,31.49695835,74.22120699
2024-09-12 00:00:00,69.4,46.8,643.0,10.3,11.1,101.0,3.0,31.49695835,74.22120699
2024-09-12 01:00:00,71.2,48.2,714.0,14.5,11.0,99.0,4.0,31.49695835,74.22120699
2024-09-12 02:00:00,74.5,50.8,808.0,20.0,10.9,98.0,5.0,31.49695835,74.22120699
2024-09-12 03:00:00,83.1,54.9,842.0,22.3,11.0,107.0,6.0,31.49695835,74.22120699
2024-09-12 04:00:00,87.5,56.7,760.0,18.4,11.5,135.0,8.0,31.49695835,74.22120699
2024-09-12 05:00:00,85.0,53.6,618.0,11.3,12.2,173.0,11.0,31.49695835,74.22120699
2024-09-12 06:00:00,78.0,48.3,504.0,6.0,12.6,201.0,13.0,31.49695835,74.22120699
2024-09-12 07:00:00,72.6,44.7,448.0,4.0,12.3,210.0,14.0,31.49695835,74.22120699
2024-09-12 08:00:00,67.1,41.1,421.0,3.8,11.7,210.0,13.0,31.49695835,74.22120699
2024-09-12 09:00:00,63.8,39.0,420.0,5.4,11.3,206.0,13.0,31.49695835,74.22120699
2024-09-12 10:00:00,63.1,38.5,396.0,5.5,11.3,204.0,13.0,31.49695835,74.22120699
2024-09-12 11:00:00,65.2,39.7,397.0,7.5,11.5,198.0,13.0,31.49695835,74.22120699
2024-09-12 12:00:00,81.7,50.5,641.0,29.6,11.9,170.0,14.0,31.49695835,74.22120699
2024-09-12 13:00:00,107.1,68.2,1070.0,58.8,13.4,129.0,14.0,31.49695835,74.22120699
2024-09-12 14:00:00,124.8,80.8,1649.0,98.1,15.3,73.0,13.0,31.49695835,74.22120699
2024-09-12 15:00:00,127.1,83.1,1991.0,120.2,16.3,33.0,12.0,31.49695835,74.22120699
2024-09-12 16:00:00,117.6,77.5,1879.0,109.4,15.4,26.0,9.0,31.49695835,74.22120699
2024-09-12 17:00:00,103.6,68.9,1528.0,81.5,13.6,36.0,6.0,31.49695835,74.22120699
2024-09-12 18:00:00,87.8,58.9,1202.0,56.3,12.0,46.0,3.0,31.49695835,74.22120699
2024-09-12 19:00:00,71.7,48.4,976.0,40.1,11.1,52.0,2.0,31.49695835,74.22120699
2024-09-12 20:00:00,59.4,40.3,774.0,26.7,10.4,58.0,2.0,31.49695835,74.22120699
2024-09-12 21:00:00,51.6,35.2,626.0,17.2,10.1,62.0,2.0,31.49695835,74.22120699
2024-09-12 22:00:00,47.0,32.4,550.0,12.6,10.1,60.0,2.0,31.49695835,74.22120699
2024-09-12 23:00:00,45.4,31.3,528.0,11.9,10.4,55.0,2.0,31.49695835,74.22120699
2024-09-13 00:00:00,39.2,27.3,522.0,15.1,10.4,43.0,1.0,31.49695835,74.22120699
2024-09-13 01:00:00,41.7,28.9,583.0,18.6,11.2,45.0,1.0,31.49695835,74.22120699
2024-09-13 02:00:00,45.4,31.3,665.0,23.1,12.5,49.0,1.0,31.49695835,74.22120699
2024-09-13 03:00:00,52.2,35.7,710.0,24.7,14.6,69.0,2.0,31.49695835,74.22120699
2024-09-13 04:00:00,65.2,43.9,683.0,20.5,18.5,119.0,4.0,31.49695835,74.22120699
2024-09-13 05:00:00,74.5,48.5,619.0,13.3,23.1,185.0,8.0,31.49695835,74.22120699
2024-09-13 06:00:00,77.3,48.1,560.0,7.8,26.1,232.0,11.0,31.49695835,74.22120699
2024-09-13 07:00:00,78.7,47.6,511.0,5.1,25.9,246.0,14.0,31.49695835,74.22120699
2024-09-13 08:00:00,80.3,47.7,468.0,4.1,23.9,242.0,17.0,31.49695835,74.22120699
2024-09-13 09:00:00,79.2,46.6,460.0,5.9,22.2,232.0,19.0,31.49695835,74.22120699
2024-09-13 10:00:00,77.8,45.4,499.0,11.7,21.4,222.0,21.0,31.49695835,74.22120699
2024-09-13 11:00:00,76.4,44.0,573.0,20.2,20.7,206.0,22.0,31.49695835,74.22120699
2024-09-13 12:00:00,85.4,43.8,574.0,23.0,16.0,168.0,53.0,31.49695835,74.22120699
2024-09-13 13:00:00,104.3,59.3,714.0,32.6,16.1,142.0,46.0,31.49695835,74.22120699
2024-09-13 14:00:00,104.3,61.7,900.0,45.4,16.1,107.0,35.0,31.49695835,74.22120699
2024-09-13 15:00:00,97.1,58.9,992.0,51.1,15.6,84.0,25.0,31.49695835,74.22120699
2024-09-13 16:00:00,85.9,53.7,901.0,43.0,13.9,84.0,16.0,31.49695835,74.22120699
2024-09-13 17:00:00,75.9,48.5,715.0,27.9,11.7,96.0,8.0,31.49695835,74.22120699
2024-09-13 18:00:00,68.2,44.4,566.0,15.9,10.2,104.0,2.0,31.49695835,74.22120699
2024-09-13 19:00:00,62.6,41.0,506.0,11.4,10.1,101.0,0.0,31.49695835,74.22120699
2024-09-13 20:00:00,57.6,38.4,481.0,10.0,10.8,95.0,1.0,31.49695835,74.22120699
2024-09-13 21:00:00,53.9,36.3,463.0,9.3,11.3,88.0,3.0,31.49695835,74.22120699
2024-09-13 22:00:00,51.8,34.5,437.0,8.3,11.3,83.0,4.0,31.49695835,74.22120699
2024-09-13 23:00:00,50.4,32.8,417.0,8.0,11.1,77.0,6.0,31.49695835,74.22120699
2024-09-14 00:00:00,47.5,30.3,408.0,9.6,11.2,68.0,8.0,31.49695835,74.22120699
2024-09-14 01:00:00,45.8,29.2,449.0,12.6,11.3,63.0,5.0,31.49695835,74.22120699
2024-09-14 02:00:00,46.4,29.7,504.0,16.7,11.4,58.0,3.0,31.49695835,74.22120699
2024-09-14 03:00:00,51.5,31.1,537.0,18.6,11.8,65.0,16.0,31.49695835,74.22120699
2024-09-14 04:00:00,60.5,31.9,527.0,16.4,12.6,95.0,56.0,31.49695835,74.22120699
2024-09-14 05:00:00,79.4,32.0,495.0,12.0,13.7,137.0,110.0,31.49695835,74.22120699
2024-09-14 06:00:00,110.4,38.3,466.0,8.5,14.7,174.0,155.0,31.49695835,74.22120699
2024-09-14 07:00:00,129.9,43.8,447.0,6.8,15.7,199.0,180.0,31.49695835,74.22120699
2024-09-14 08:00:00,140.2,47.7,432.0,5.9,16.6,218.0,196.0,31.49695835,74.22120699
2024-09-14 09:00:00,144.4,50.3,429.0,6.3,17.4,230.0,205.0,31.49695835,74.22120699
2024-09-14 10:00:00,147.6,51.8,411.0,6.0,18.0,236.0,210.0,31.49695835,74.22120699
2024-09-14 11:00:00,149.0,52.9,404.0,7.0,18.5,235.0,208.0,31.49695835,74.22120699
2024-09-14 12:00:00,140.2,56.9,600.0,28.3,15.9,162.0,167.0,31.49695835,74.22120699
2024-09-14 13:00:00,155.5,67.1,899.0,49.9,16.4,129.0,156.0,31.49695835,74.22120699
2024-09-14 14:00:00,174.2,82.2,1309.0,79.5,17.1,82.0,141.0,31.49695835,74.22120699
2024-09-14 15:00:00,164.4,82.2,1604.0,99.3,17.6,46.0,128.0,31.49695835,74.22120699
2024-09-14 16:00:00,160.2,81.7,1671.0,100.3,17.7,30.0,120.0,31.49695835,74.22120699
2024-09-14 17:00:00,159.3,82.2,1622.0,91.5,17.5,24.0,116.0,31.49695835,74.22120699
2024-09-14 18:00:00,160.7,82.9,1568.0,82.9,17.0,20.0,112.0,31.49695835,74.22120699
2024-09-14 19:00:00,164.8,83.1,1560.0,78.6,15.9,13.0,112.0,31.49695835,74.22120699
2024-09-14 20:00:00,166.2,82.7,1546.0,74.4,14.5,8.0,113.0,31.49695835,74.22120699
2024-09-14 21:00:00,155.1,78.7,1485.0,67.6,13.2,7.0,109.0,31.49695835,74.22120699
2024-09-14 22:00:00,131.8,70.3,1326.0,54.7,12.1,12.0,95.0,31.49695835,74.22120699
2024-09-14 23:00:00,117.8,64.5,1119.0,39.1,11.2,20.0,76.0,31.49695835,74.22120699
2024-09-15 00:00:00,65.9,41.6,503.0,9.9,7.5,71.0,12.0,31.49695835,74.22120699
2024-09-15 01:00:00,65.9,41.8,574.0,14.4,7.9,68.0,9.0,31.49695835,74.22120699
2024-09-15 02:00:00,70.1,44.4,670.0,20.5,8.6,66.0,7.0,31.49695835,74.22120699
2024-09-15 03:00:00,78.0,48.0,715.0,23.3,10.3,78.0,19.0,31.49695835,74.22120699
2024-09-15 04:00:00,93.6,50.9,665.0,19.9,14.3,117.0,59.0,31.49695835,74.22120699
2024-09-15 05:00:00,108.5,49.0,566.0,13.3,19.3,169.0,113.0,31.49695835,74.22120699
2024-09-15 06:00:00,133.6,53.1,481.0,8.1,22.5,207.0,154.0,31.49695835,74.22120699
2024-09-15 07:00:00,144.4,54.7,423.0,5.3,22.1,219.0,170.0,31.49695835,74.22120699
2024-09-15 08:00:00,142.5,54.9,378.0,3.8,20.0,216.0,173.0,31.49695835,74.22120699
2024-09-15 09:00:00,139.7,55.1,373.0,5.4,18.2,208.0,169.0,31.49695835,74.22120699
2024-09-15 10:00:00,138.3,55.2,393.0,9.6,17.6,197.0,156.0,31.49695835,74.22120699
2024-09-15 11:00:00,136.9,55.8,452.0,16.9,17.4,181.0,136.0,31.49695835,74.22120699
2024-09-15 12:00:00,147.6,63.3,631.0,32.9,17.5,149.0,159.0,31.49695835,74.22120699
2024-09-15 13:00:00,166.7,75.4,1051.0,59.1,19.1,117.0,163.0,31.49695835,74.22120699
2024-09-15 14:00:00,194.6,92.9,1637.0,95.1,21.4,73.0,169.0,31.49695835,74.22120699
2024-09-15 15:00:00,208.2,101.0,2126.0,120.7,23.4,39.0,174.0,31.49695835,74.22120699
2024-09-15 16:00:00,217.9,106.6,2414.0,125.3,25.0,25.0,178.0,31.49695835,74.22120699
2024-09-15 17:00:00,227.2,112.0,2606.0,119.5,26.3,21.0,182.0,31.49695835,74.22120699
2024-09-15 18:00:00,235.6,116.6,2754.0,115.0,26.9,18.0,185.0,31.49695835,74.22120699
2024-09-15 19:00:00,240.3,118.7,2881.0,117.4,26.4,11.0,186.0,31.49695835,74.22120699
2024-09-15 20:00:00,241.2,119.0,2964.0,121.0,25.1,5.0,186.0,31.49695835,74.22120699
2024-09-15 21:00:00,237.0,116.6,2992.0,121.4,23.5,0.0,185.0,31.49695835,74.22120699
2024-09-15 22:00:00,231.4,112.7,2960.0,115.4,21.6,0.0,186.0,31.49695835,74.22120699
2024-09-15 23:00:00,225.4,108.5,2873.0,106.0,19.4,0.0,186.0,31.49695835,74.22120699
2024-09-16 00:00:00,182.5,86.6,1635.0,77.3,16.3,5.0,146.0,31.49695835,74.22120699
2024-09-16 01:00:00,183.0,86.4,1660.0,72.6,16.8,26.0,142.0,31.49695835,74.22120699
2024-09-16 02:00:00,186.3,90.8,1679.0,65.6,17.6,56.0,137.0,31.49695835,74.22120699
2024-09-16 03:00:00,181.1,88.0,1583.0,55.6,19.1,91.0,138.0,31.49695835,74.22120699
2024-09-16 04:00:00,165.3,70.5,1262.0,40.0,22.3,136.0,151.0,31.49695835,74.22120699
2024-09-16 05:00:00,160.2,64.7,825.0,21.5,26.3,186.0,170.0,31.49695835,74.22120699
2024-09-16 06:00:00,152.7,61.0,497.0,8.0,28.0,220.0,180.0,31.49695835,74.22120699
2024-09-16 07:00:00,142.5,57.6,373.0,2.7,25.6,229.0,173.0,31.49695835,74.22120699
2024-09-16 08:00:00,132.2,54.6,356.0,2.4,20.9,222.0,156.0,31.49695835,74.22120699
2024-09-16 09:00:00,125.7,53.0,381.0,5.3,17.3,210.0,140.0,31.49695835,74.22120699
2024-09-16 10:00:00,122.5,52.3,398.0,10.2,15.9,196.0,126.0,31.49695835,74.22120699
2024-09-16 11:00:00,120.6,51.9,455.0,18.3,15.4,178.0,113.0,31.49695835,74.22120699
2024-09-16 12:00:00,133.2,61.7,616.0,32.6,14.5,136.0,127.0,31.49695835,74.22120699
2024-09-16 13:00:00,158.3,77.8,1031.0,54.7,16.2,109.0,130.0,31.49695835,74.22120699
2024-09-16 14:00:00,178.8,90.6,1611.0,85.4,18.7,71.0,135.0,31.49695835,74.22120699
2024-09-16 15:00:00,192.8,99.7,2101.0,109.0,20.9,40.0,139.0,31.49695835,74.22120699
2024-09-16 16:00:00,204.4,106.6,2422.0,119.4,22.8,23.0,143.0,31.49695835,74.22120699
2024-09-16 17:00:00,215.6,113.2,2654.0,122.8,24.4,12.0,147.0,31.49695835,74.22120699
2024-09-16 18:00:00,223.5,117.3,2780.0,122.6,24.9,5.0,148.0,31.49695835,74.22120699
2024-09-16 19:00:00,218.4,115.3,2773.0,119.0,23.4,1.0,145.0,31.49695835,74.22120699
2024-09-16 20:00:00,207.7,109.0,2661.0,111.8,20.6,0.0,139.0,31.49695835,74.22120699
2024-09-16 21:00:00,197.4,102.0,2507.0,104.3,18.2,0.0,133.0,31.49695835,74.22120699
2024-09-16 22:00:00,188.1,95.5,2303.0,97.2,16.3,0.0,129.0,31.49695835,74.22120699
2024-09-16 23:00:00,177.4,88.9,2058.0,89.7,14.8,0.0,125.0,31.49695835,74.22120699
2024-09-17 00:00:00,170.4,80.8,1385.0,61.8,13.6,10.0,139.0,31.49695835,74.22120699
2024-09-17 01:00:00,161.1,78.2,1434.0,60.7,13.9,24.0,128.0,31.49695835,74.22120699
2024-09-17 02:00:00,161.6,81.7,1490.0,58.5,14.4,46.0,113.0,31.49695835,74.22120699
2024-09-17 03:00:00,163.9,85.2,1442.0,52.6,16.1,78.0,105.0,31.49695835,74.22120699
2024-09-17 04:00:00,154.6,74.7,1194.0,39.3,20.4,130.0,113.0,31.49695835,74.22120699
2024-09-17 05:00:00,152.3,69.6,843.0,22.2,25.9,191.0,129.0,31.49695835,74.22120699
2024-09-17 06:00:00,151.8,68.2,571.0,9.5,28.7,232.0,139.0,31.49695835,74.22120699
2024-09-17 07:00:00,145.3,64.5,444.0,3.9,26.5,239.0,139.0,31.49695835,74.22120699
2024-09-17 08:00:00,136.4,59.6,396.0,2.6,21.6,226.0,134.0,31.49695835,74.22120699
2024-09-17 09:00:00,128.5,56.7,408.0,5.6,17.6,208.0,125.0,31.49695835,74.22120699
2024-09-17 10:00:00,123.4,54.8,453.0,12.8,15.5,188.0,109.0,31.49695835,74.22120699
2024-09-17 11:00:00,118.5,54.0,557.0,24.3,14.3,162.0,89.0,31.49695835,74.22120699
2024-09-17 12:00:00,104.8,54.8,666.0,33.9,11.7,123.0,69.0,31.49695835,74.22120699
2024-09-17 13:00:00,125.7,67.8,1069.0,55.4,13.8,98.0,74.0,31.49695835,74.22120699
2024-09-17 14:00:00,143.4,78.9,1624.0,85.0,16.6,63.0,81.0,31.49695835,74.22120699
2024-09-17 15:00:00,159.7,89.2,2040.0,106.4,18.5,35.0,83.0,31.49695835,74.22120699
2024-09-17 16:00:00,173.7,98.5,2199.0,112.4,18.6,19.0,75.0,31.49695835,74.22120699
2024-09-17 17:00:00,169.0,99.7,2220.0,110.3,17.8,9.0,63.0,31.49695835,74.22120699
2024-09-17 18:00:00,153.2,90.6,2161.0,105.5,16.8,3.0,56.0,31.49695835,74.22120699
2024-09-17 19:00:00,142.5,83.6,2000.0,98.7,15.9,2.0,58.0,31.49695835,74.22120699
2024-09-17 20:00:00,139.2,79.6,1760.0,89.2,14.9,5.0,65.0,31.49695835,74.22120699
2024-09-17 21:00:00,141.1,78.5,1571.0,80.6,14.1,8.0,71.0,31.49695835,74.22120699
2024-09-17 22:00:00,143.9,78.7,1484.0,73.9,13.6,5.0,72.0,31.49695835,74.22120699
2024-09-17 23:00:00,143.9,78.7,1448.0,68.0,13.3,1.0,72.0,31.49695835,74.22120699
2024-09-18 00:00:00,119.0,64.7,1000.0,36.5,12.7,24.0,66.0,31.49695835,74.22120699
2024-09-18 01:00:00,116.4,65.2,1060.0,37.7,13.2,30.0,64.0,31.49695835,74.22120699
2024-09-18 02:00:00,120.1,69.8,1136.0,39.0,14.0,42.0,61.0,31.49695835,74.22120699
2024-09-18 03:00:00,127.1,71.0,1144.0,37.4,15.3,68.0,62.0,31.49695835,74.22120699
2024-09-18 04:00:00,131.8,69.6,1024.0,30.1,17.7,124.0,72.0,31.49695835,74.22120699
2024-09-18 05:00:00,125.7,62.9,837.0,19.9,20.5,195.0,87.0,31.49695835,74.22120699
2024-09-18 06:00:00,121.5,58.2,677.0,11.9,21.9,245.0,97.0,31.49695835,74.22120699
2024-09-18 07:00:00,120.6,56.5,570.0,7.3,20.8,257.0,100.0,31.49695835,74.22120699
2024-09-18 08:00:00,116.9,53.7,491.0,4.9,18.3,247.0,100.0,31.49695835,74.22120699
2024-09-18 09:00:00,112.7,51.6,458.0,5.7,16.0,230.0,96.0,31.49695835,74.22120699
2024-09-18 10:00:00,107.6,49.9,457.0,9.1,14.3,210.0,87.0,31.49695835,74.22120699
2024-09-18 11:00:00,100.8,47.8,502.0,15.7,12.8,183.0,74.0,31.49695835,74.22120699
2024-09-18 12:00:00,100.6,53.2,579.0,20.9,14.0,176.0,53.0,31.49695835,74.22120699
2024-09-18 13:00:00,106.4,60.5,788.0,39.1,14.3,139.0,50.0,31.49695835,74.22120699
2024-09-18 14:00:00,116.4,67.3,1082.0,64.3,14.8,87.0,46.0,31.49695835,74.22120699
2024-09-18 15:00:00,126.7,74.0,1337.0,83.2,15.5,46.0,43.0,31.49695835,74.22120699
2024-09-18 16:00:00,134.6,79.2,1517.0,90.0,16.7,28.0,44.0,31.49695835,74.22120699
2024-09-18 17:00:00,143.4,84.3,1658.0,90.6,18.2,21.0,47.0,31.49695835,74.22120699
2024-09-18 18:00:00,149.0,87.5,1752.0,89.6,19.0,16.0,49.0,31.49695835,74.22120699
2024-09-18 19:00:00,151.3,88.7,1780.0,88.3,18.7,11.0,50.0,31.49695835,74.22120699
2024-09-18 20:00:00,151.8,88.5,1761.0,85.4,17.8,9.0,51.0,31.49695835,74.22120699
2024-09-18 21:00:00,150.9,87.8,1737.0,82.2,17.0,7.0,52.0,31.49695835,74.22120699
2024-09-18 22:00:00,151.3,87.8,1725.0,79.2,16.5,4.0,53.0,31.49695835,74.22120699
2024-09-18 23:00:00,152.3,88.0,1709.0,75.8,16.2,2.0,54.0,31.49695835,74.22120699
2024-09-19 00:00:00,71.5,45.1,514.0,14.3,7.9,51.0,11.0,31.49695835,74.22120699
2024-09-19 01:00:00,65.0,41.3,486.0,15.9,7.6,53.0,9.0,31.49695835,74.22120699
2024-09-19 02:00:00,57.2,36.9,444.0,17.9,7.1,55.0,7.0,31.49695835,74.22120699
2024-09-19 03:00:00,46.8,30.5,397.0,18.4,6.6,59.0,5.0,31.49695835,74.22120699
2024-09-19 04:00:00,36.0,24.0,336.0,15.6,5.9,64.0,4.0,31.49695835,74.22120699
2024-09-19 05:00:00,28.1,19.0,270.0,11.2,5.2,71.0,3.0,31.49695835,74.22120699
2024-09-19 06:00:00,22.9,15.5,227.0,8.2,4.8,77.0,2.0,31.49695835,74.22120699
2024-09-19 07:00:00,24.6,16.7,226.0,7.8,5.2,84.0,2.0,31.49695835,74.22120699
2024-09-19 08:00:00,30.3,20.4,249.0,8.7,6.0,90.0,2.0,31.49695835,74.22120699
2024-09-19 09:00:00,30.7,21.0,270.0,9.9,6.5,93.0,2.0,31.49695835,74.22120699
2024-09-19 10:00:00,29.6,20.0,265.0,10.2,6.3,90.0,2.0,31.49695835,74.22120699
2024-09-19 11:00:00,28.6,19.3,257.0,10.7,5.8,84.0,2.0,31.49695835,74.22120699
2024-09-19 12:00:00,31.5,21.4,370.0,22.5,7.4,58.0,2.0,31.49695835,74.22120699
2024-09-19 13:00:00,37.5,25.8,502.0,30.4,7.7,45.0,2.0,31.49695835,74.22120699
2024-09-19 14:00:00,40.3,27.8,682.0,41.1,8.1,27.0,1.0,31.49695835,74.22120699
2024-09-19 15:00:00,43.3,29.9,796.0,48.1,8.7,15.0,1.0,31.49695835,74.22120699
2024-09-19 16:00:00,43.2,29.8,788.0,48.6,9.5,13.0,1.0,31.49695835,74.22120699
2024-09-19 17:00:00,41.4,28.7,715.0,45.4,10.5,16.0,1.0,31.49695835,74.22120699
2024-09-19 18:00:00,39.6,27.4,636.0,40.6,11.2,21.0,1.0,31.49695835,74.22120699
2024-09-19 19:00:00,37.6,26.0,563.0,33.6,11.6,27.0,1.0,31.49695835,74.22120699
2024-09-19 20:00:00,36.4,25.1,486.0,25.1,11.8,34.0,1.0,31.49695835,74.22120699
2024-09-19 21:00:00,36.2,25.0,428.0,18.4,11.9,40.0,1.0,31.49695835,74.22120699
2024-09-19 22:00:00,36.9,25.4,394.0,14.8,11.7,42.0,1.0,31.49695835,74.22120699
2024-09-19 23:00:00,38.1,26.3,381.0,13.2,11.3,42.0,1.0,31.49695835,74.22120699
2024-09-20 00:00:00,39.9,27.5,398.0,13.3,11.3,45.0,1.0,31.49695835,74.22120699
2024-09-20 01:00:00,42.6,29.4,480.0,17.3,11.6,45.0,1.0,31.49695835,74.22120699
2024-09-20 02:00:00,49.2,34.0,590.0,22.7,12.1,46.0,2.0,31.49695835,74.22120699
2024-09-20 03:00:00,53.8,37.0,648.0,25.0,12.8,59.0,2.0,31.49695835,74.22120699
2024-09-20 04:00:00,56.9,39.2,605.0,21.4,13.9,94.0,2.0,31.49695835,74.22120699
2024-09-20 05:00:00,54.5,37.3,510.0,14.8,15.2,141.0,3.0,31.49695835,74.22120699
2024-09-20 06:00:00,49.8,33.9,430.0,9.5,16.1,177.0,3.0,31.49695835,74.22120699
2024-09-20 07:00:00,47.3,31.9,379.0,6.2,16.2,195.0,3.0,31.49695835,74.22120699
2024-09-20 08:00:00,46.0,31.1,343.0,4.2,15.9,204.0,2.0,31.49695835,74.22120699
2024-09-20 09:00:00,45.4,30.7,345.0,5.7,15.6,203.0,2.0,31.49695835,74.22120699
2024-09-20 10:00:00,45.4,30.7,359.0,9.8,15.1,193.0,2.0,31.49695835,74.22120699
2024-09-20 11:00:00,45.8,31.0,412.0,17.3,14.6,174.0,2.0,31.49695835,74.22120699
2024-09-20 12:00:00,61.5,41.8,608.0,32.4,14.5,145.0,2.0,31.49695835,74.22120699
2024-09-20 13:00:00,87.5,59.8,1161.0,63.2,16.6,109.0,2.0,31.49695835,74.22120699
2024-09-20 14:00:00,108.5,74.5,1918.0,105.2,19.3,58.0,3.0,31.49695835,74.22120699
2024-09-20 15:00:00,124.3,85.7,2448.0,133.2,21.0,21.0,3.0,31.49695835,74.22120699
2024-09-20 16:00:00,133.6,92.0,2561.0,135.2,20.6,8.0,3.0,31.49695835,74.22120699
2024-09-20 17:00:00,130.9,90.1,2447.0,123.2,19.2,8.0,2.0,31.49695835,74.22120699
2024-09-20 18:00:00,117.1,80.6,2238.0,107.9,17.6,11.0,2.0,31.49695835,74.22120699
2024-09-20 19:00:00,103.4,70.8,1923.0,91.0,16.2,17.0,2.0,31.49695835,74.22120699
2024-09-20 20:00:00,92.9,63.6,1514.0,70.9,14.7,26.0,1.0,31.49695835,74.22120699
2024-09-20 21:00:00,84.5,57.7,1177.0,53.6,13.5,34.0,1.0,31.49695835,74.22120699
2024-09-20 22:00:00,77.5,52.7,971.0,40.8,12.5,37.0,1.0,31.49695835,74.22120699
2024-09-20 23:00:00,71.2,48.4,838.0,30.8,11.8,37.0,1.0,31.49695835,74.22120699
2024-09-21 00:00:00,66.6,45.3,780.0,26.2,11.7,39.0,1.0,31.49695835,74.22120699
2024-09-21 01:00:00,64.3,43.7,838.0,30.0,12.2,41.0,1.0,31.49695835,74.22120699
2024-09-21 02:00:00,67.1,45.8,910.0,34.9,13.0,46.0,1.0,31.49695835,74.22120699
2024-09-21 03:00:00,70.5,48.2,915.0,35.6,14.8,64.0,1.0,31.49695835,74.22120699
2024-09-21 04:00:00,71.0,48.2,783.0,28.1,18.9,106.0,1.0,31.49695835,74.22120699
2024-09-21 05:00:00,62.2,41.9,584.0,16.4,23.9,161.0,2.0,31.49695835,74.22120699
2024-09-21 06:00:00,56.7,38.0,436.0,7.8,27.1,203.0,2.0,31.49695835,74.22120699
2024-09-21 07:00:00,54.0,36.1,393.0,5.1,26.5,221.0,2.0,31.49695835,74.22120699
2024-09-21 08:00:00,53.1,35.2,403.0,5.5,24.0,226.0,2.0,31.49695835,74.22120699
2024-09-21 09:00:00,54.5,36.2,427.0,7.2,22.0,227.0,2.0,31.49695835,74.22120699
2024-09-21 10:00:00,58.2,38.6,414.0,6.9,21.7,232.0,2.0,31.49695835,74.22120699
2024-09-21 11:00:00,59.3,39.3,416.0,7.9,21.9,234.0,2.0,31.49695835,74.22120699
2024-09-21 12:00:00,62.9,42.0,508.0,20.8,17.9,192.0,2.0,31.49695835,74.22120699
2024-09-21 13:00:00,100.4,68.2,1101.0,61.7,19.9,142.0,2.0,31.49695835,74.22120699
2024-09-21 14:00:00,122.9,84.3,1921.0,117.5,22.6,73.0,2.0,31.49695835,74.22120699
2024-09-21 15:00:00,140.2,96.2,2552.0,156.2,24.3,22.0,2.0,31.49695835,74.22120699
2024-09-21 16:00:00,149.0,102.2,2845.0,162.0,24.3,5.0,2.0,31.49695835,74.22120699
2024-09-21 17:00:00,150.9,103.4,2949.0,150.6,23.3,4.0,1.0,31.49695835,74.22120699
2024-09-21 18:00:00,147.6,101.3,2896.0,136.4,21.8,7.0,1.0,31.49695835,74.22120699
2024-09-21 19:00:00,138.8,95.2,2634.0,123.7,19.6,7.0,1.0,31.49695835,74.22120699
2024-09-21 20:00:00,127.1,87.1,2215.0,108.2,16.9,11.0,1.0,31.49695835,74.22120699
2024-09-21 21:00:00,115.3,78.7,1827.0,91.2,14.7,17.0,1.0,31.49695835,74.22120699
2024-09-21 22:00:00,105.0,71.5,1513.0,70.0,13.4,28.0,1.0,31.49695835,74.22120699
2024-09-21 23:00:00,96.9,65.9,1230.0,47.3,12.6,41.0,1.0,31.49695835,74.22120699
2024-09-22 00:00:00,82.4,56.1,835.0,22.5,13.2,63.0,1.0,31.49695835,74.22120699
2024-09-22 01:00:00,78.0,53.1,880.0,27.7,13.3,65.0,1.0,31.49695835,74.22120699
2024-09-22 02:00:00,79.6,54.1,934.0,34.5,13.6,69.0,1.0,31.49695835,74.22120699
2024-09-22 03:00:00,81.7,55.5,923.0,36.5,14.7,85.0,1.0,31.49695835,74.22120699
2024-09-22 04:00:00,79.6,54.1,783.0,29.0,17.8,124.0,1.0,31.49695835,74.22120699
2024-09-22 05:00:00,64.0,43.0,577.0,16.8,21.9,174.0,2.0,31.49695835,74.22120699
2024-09-22 06:00:00,54.6,36.3,420.0,7.6,24.1,211.0,2.0,31.49695835,74.22120699
2024-09-22 07:00:00,50.5,33.5,361.0,4.3,22.9,222.0,2.0,31.49695835,74.22120699
2024-09-22 08:00:00,48.2,32.0,351.0,4.1,19.9,218.0,2.0,31.49695835,74.22120699
2024-09-22 09:00:00,46.7,31.0,362.0,5.7,17.6,211.0,2.0,31.49695835,74.22120699
2024-09-22 10:00:00,46.1,30.6,338.0,5.7,16.8,206.0,2.0,31.49695835,74.22120699
2024-09-22 11:00:00,46.9,31.2,335.0,7.6,16.7,197.0,2.0,31.49695835,74.22120699
2024-09-22 12:00:00,80.3,53.8,662.0,33.9,18.9,172.0,3.0,31.49695835,74.22120699
2024-09-22 13:00:00,111.1,75.2,1203.0,68.6,20.7,129.0,3.0,31.49695835,74.22120699
2024-09-22 14:00:00,132.2,89.9,1946.0,115.8,23.1,70.0,3.0,31.49695835,74.22120699
2024-09-22 15:00:00,144.8,99.0,2478.0,147.5,24.6,26.0,3.0,31.49695835,74.22120699
2024-09-22 16:00:00,149.5,102.0,2619.0,149.6,24.7,13.0,3.0,31.49695835,74.22120699
2024-09-22 17:00:00,149.9,102.2,2549.0,136.1,23.9,17.0,2.0,31.49695835,74.22120699
2024-09-22 18:00:00,145.3,99.0,2401.0,120.4,22.7,22.0,2.0,31.49695835,74.22120699
2024-09-22 19:00:00,136.9,93.4,2176.0,105.6,21.1,26.0,2.0,31.49695835,74.22120699
2024-09-22 20:00:00,130.4,88.7,1873.0,88.6,19.1,32.0,2.0,31.49695835,74.22120699
2024-09-22 21:00:00,126.7,86.1,1623.0,73.5,17.5,36.0,2.0,31.49695835,74.22120699
2024-09-22 22:00:00,124.3,84.3,1472.0,60.9,16.5,36.0,2.0,31.49695835,74.22120699
2024-09-22 23:00:00,122.0,82.7,1374.0,50.0,15.9,34.0,2.0,31.49695835,74.22120699
2024-09-23 00:00:00,99.9,67.5,942.0,24.2,13.3,58.0,1.0,31.49695835,74.22120699
2024-09-23 01:00:00,97.8,66.1,1016.0,30.1,13.4,60.0,1.0,31.49695835,74.22120699
2024-09-23 02:00:00,103.6,70.1,1109.0,37.7,13.7,65.0,1.0,31.49695835,74.22120699
2024-09-23 03:00:00,104.3,70.5,1116.0,40.0,15.2,83.0,1.0,31.49695835,74.22120699
2024-09-23 04:00:00,103.1,69.4,954.0,31.9,19.6,128.0,2.0,31.49695835,74.22120699
2024-09-23 05:00:00,86.1,57.5,707.0,18.5,25.3,187.0,2.0,31.49695835,74.22120699
2024-09-23 06:00:00,73.3,48.8,516.0,8.3,28.5,229.0,3.0,31.49695835,74.22120699
2024-09-23 07:00:00,68.5,45.5,437.0,4.2,27.1,242.0,3.0,31.49695835,74.22120699
2024-09-23 08:00:00,65.4,43.4,415.0,3.3,23.4,240.0,3.0,31.49695835,74.22120699
2024-09-23 09:00:00,63.8,42.4,431.0,5.7,20.0,228.0,3.0,31.49695835,74.22120699
2024-09-23 10:00:00,62.6,41.4,452.0,10.7,17.8,209.0,3.0,31.49695835,74.22120699
2024-09-23 11:00:00,63.1,41.8,511.0,19.0,16.1,180.0,2.0,31.49695835,74.22120699
2024-09-23 12:00:00,69.6,46.9,627.0,29.8,15.1,155.0,2.0,31.49695835,74.22120699
2024-09-23 13:00:00,84.8,57.6,967.0,52.7,16.2,123.0,2.0,31.49695835,74.22120699
2024-09-23 14:00:00,99.7,68.0,1443.0,84.1,17.9,79.0,2.0,31.49695835,74.22120699
2024-09-23 15:00:00,110.1,75.2,1848.0,107.0,19.5,44.0,2.0,31.49695835,74.22120699
2024-09-23 16:00:00,117.8,80.6,2118.0,112.9,21.3,29.0,2.0,31.49695835,74.22120699
2024-09-23 17:00:00,125.7,86.1,2317.0,110.3,23.0,24.0,2.0,31.49695835,74.22120699
2024-09-23 18:00:00,133.6,91.7,2429.0,107.5,23.7,19.0,2.0,31.49695835,74.22120699
2024-09-23 19:00:00,138.8,95.5,2444.0,108.9,22.5,11.0,2.0,31.49695835,74.22120699
2024-09-23 20:00:00,134.6,92.4,2372.0,110.1,20.3,4.0,2.0,31.49695835,74.22120699
2024-09-23 21:00:00,123.4,84.8,2232.0,106.4,18.5,2.0,2.0,31.49695835,74.22120699
2024-09-23 22:00:00,113.9,77.8,1973.0,93.0,17.7,7.0,2.0,31.49695835,74.22120699
2024-09-23 23:00:00,107.6,73.3,1645.0,74.6,17.4,17.0,2.0,31.49695835,74.22120699
2024-09-24 00:00:00,111.5,76.1,1493.0,63.8,18.2,29.0,2.0,31.49695835,74.22120699
2024-09-24 01:00:00,109.9,75.0,1511.0,61.7,18.8,43.0,2.0,31.49695835,74.22120699
2024-09-24 02:00:00,116.2,79.4,1525.0,58.1,19.6,64.0,2.0,31.49695835,74.22120699
2024-09-24 03:00:00,120.6,82.4,1450.0,51.3,21.3,95.0,2.0,31.49695835,74.22120699
2024-09-24 04:00:00,113.6,77.3,1202.0,38.0,25.0,148.0,2.0,31.49695835,74.22120699
2024-09-24 05:00:00,94.3,63.8,865.0,21.4,29.4,211.0,2.0,31.49695835,74.22120699
2024-09-24 06:00:00,78.9,53.2,607.0,9.1,31.2,254.0,2.0,31.49695835,74.22120699
2024-09-24 07:00:00,71.5,48.3,498.0,4.3,28.0,261.0,2.0,31.49695835,74.22120699
2024-09-24 08:00:00,66.4,44.7,468.0,3.9,22.2,248.0,2.0,31.49695835,74.22120699
2024-09-24 09:00:00,63.6,42.7,470.0,5.8,17.8,233.0,2.0,31.49695835,74.22120699
2024-09-24 10:00:00,63.1,42.3,441.0,6.4,16.3,226.0,2.0,31.49695835,74.22120699
2024-09-24 11:00:00,64.5,43.2,444.0,9.4,16.1,217.0,3.0,31.49695835,74.22120699
2024-09-24 12:00:00,73.3,49.4,620.0,23.7,16.8,195.0,3.0,31.49695835,74.22120699
2024-09-24 13:00:00,98.3,66.8,1133.0,61.4,18.8,146.0,3.0,31.49695835,74.22120699
2024-09-24 14:00:00,118.5,81.0,1818.0,110.6,21.6,84.0,2.0,31.49695835,74.22120699
2024-09-24 15:00:00,132.7,91.0,2328.0,144.1,23.6,37.0,2.0,31.49695835,74.22120699
2024-09-24 16:00:00,142.0,97.6,2539.0,150.0,24.1,19.0,2.0,31.49695835,74.22120699
2024-09-24 17:00:00,145.8,100.4,2573.0,140.3,23.6,16.0,1.0,31.49695835,74.22120699
2024-09-24 18:00:00,136.9,94.1,2451.0,124.1,22.3,19.0,1.0,31.49695835,74.22120699
2024-09-24 19:00:00,116.2,79.9,2094.0,100.5,19.6,27.0,1.0,31.49695835,74.22120699
2024-09-24 20:00:00,100.4,68.9,1580.0,70.5,16.1,40.0,1.0,31.49695835,74.22120699
2024-09-24 21:00:00,88.9,61.2,1164.0,46.2,13.1,49.0,1.0,31.49695835,74.22120699
2024-09-24 22:00:00,80.1,55.1,941.0,32.2,11.3,50.0,1.0,31.49695835,74.22120699
2024-09-24 23:00:00,72.6,49.8,816.0,24.0,10.1,48.0,1.0,31.49695835,74.22120699
